f_id,i_id,true,predicted
23,1,0.4772458176606869,0.6220905397567111
23,2,0.4678383210725465,0.625730190392379
23,3,0.4659948886093073,0.6123137442540072
23,4,0.4547697782277007,0.5911720819751195
23,5,0.4796852438756417,0.6299430187368873
