f_id,i_id,true,predicted
18,1,0.8447616370817819,1.6975295738712672
18,2,0.7510377042431265,0.5277872820325675
18,3,0.9385697317601146,0.5274139821364484
18,4,0.8686746740526373,0.5194744307273149
18,5,0.7777547252383062,0.5254684272799377
