f_id,i_id,true,predicted
4,1,1.803460792631541,1.6304878814945933
4,2,1.8459531854337832,1.6139241636792772
4,3,1.746316474230038,1.573719227257262
4,4,1.9194974592217768,1.5652352993941347
4,5,1.8110695354247688,1.65172625087509
