f_id,i_id,true,predicted
5,1,1.096808355504918,0.4703820269193315
5,2,0.993479369574794,0.49252729826519787
5,3,0.8940948122593625,0.4717714254058264
5,4,0.8910809710252879,0.4978465358546685
5,5,1.0504562462973257,0.47168701103483784
