f_id,i_id,true,predicted
17,1,0.4656720217485686,0.7323582177190727
17,2,0.4224987604964458,0.6975931505165798
17,3,0.4437234585724304,0.6021002944219775
17,4,0.5002396619487102,0.7447109479327468
17,5,0.396804379721481,0.7345112648796794
