f_id,i_id,true,predicted
11,1,1.745279429070415,3.6987975868545258
11,2,1.632252233145024,3.050054297009367
11,3,1.71869949659148,4.3950403739549975
11,4,1.855124145149156,4.3950403739549975
11,5,1.777731707826615,3.6987975868545258
