f_id,i_id,true,predicted
21,1,0.7932551300618305,1.0035324226473952
21,2,0.9317066184410872,1.0077552733683237
21,3,0.5351117090222421,0.994953250398016
21,4,0.8690506757467145,1.016252794103322
21,5,0.9869408019913892,1.0050215621777303
