f_id,i_id,true,predicted
15,1,1.6390175511900709,1.9045245610281358
15,2,1.5955675764626995,1.4853134655197133
15,3,1.7402769275152392,1.471774759217906
15,4,1.6468039454165608,1.7593789589148494
15,5,1.6484166433936511,1.9691456160597693
