f_id,i_id,true,predicted
20,1,0.434555200071847,1.9039600495165137
20,2,0.4347946820056711,1.799202338971795
20,3,0.4460672186216036,1.8945771525198845
20,4,0.471756396386576,1.9604524562157228
20,5,0.4226460869702329,1.7914786715747824
