f_id,i_id,true,predicted
19,1,0.6087990409765113,0.48054579239283346
19,2,0.6150204120128571,0.4145163761044883
19,3,0.5881078886471419,0.4253598624257524
19,4,0.6193346485215365,0.5063461818759994
19,5,0.6182661202560122,0.43700282673996693
