f_id,i_id,true,predicted
16,1,0.5714358702157436,0.5742061359182238
16,2,0.4713467559448878,0.5614073935862978
16,3,0.5658794097695349,0.5542987252291474
16,4,0.557476133898008,0.5890051502130083
16,5,0.5260500219953667,0.5542559573619372
