f_id,i_id,true,predicted
1,1,0.2293860661076884,0.561695565138627
1,2,0.4013740808360788,0.783625606037752
1,3,0.4855942498448432,0.6119408381468409
1,4,0.3287019614255028,0.5975399348391978
1,5,0.4010220027723363,0.5975399348391978
