f_id,i_id,true,predicted
13,1,2.2617918805286723,1.6460314461338412
13,2,2.4842358223279875,1.6460314461338412
13,3,2.383999704905788,1.6460169563011984
13,4,2.317258266550036,1.6460169563011984
13,5,2.3096756298077903,1.6565720257617618
