f_id,i_id,true,predicted
22,1,0.9924663872937376,0.7236041937760933
22,2,1.0355940320893413,0.7709863756686999
22,3,1.0021223286643517,0.7655764436840613
22,4,1.0172528752058174,0.7579910810270769
22,5,1.002700770518086,0.7558103153593453
