f_id,i_id,true,predicted
2,1,3.516764059948984,3.1113863685688172
2,2,3.686548934369819,3.8092890700053923
2,3,3.79322252316644,3.862586759704439
2,4,3.651295769900864,3.835929418868921
2,5,3.8886643340601,3.7549678060451286
