f_id,i_id,true,predicted
3,1,1.593057184047613,1.8994837642750813
3,2,1.6492745024059907,1.8634677009956926
3,3,1.6392409520720872,1.7140691694527421
3,4,1.618179962567934,1.7083590959927883
3,5,1.6523173662317867,2.022884782337786
