f_id,i_id,true,predicted
24,1,1.7966718100096966,0.5443376717314828
24,2,1.7222268844266178,0.5443376717314828
24,3,1.7796915491233578,0.5443376717314828
24,4,1.7492852171197502,0.5443376717314828
24,5,1.7405794327056736,0.5443376717314828
