f_id,i_id,true,predicted
10,1,3.9627923489437338,3.348112113476064
10,2,3.925222295260156,3.5622164783919827
10,3,3.9246302342440806,2.2668006885778658
10,4,3.9941739066567936,3.348112113476064
10,5,3.813652916666384,2.039476323278857
