f_id,i_id,true,predicted
6,1,1.6493394414929283,1.8301440897418435
6,2,1.6061982064729066,1.8941860080110327
6,3,1.9266730135246604,1.9941343212705795
6,4,1.6933957841988074,1.8604818753994834
6,5,1.7004953038873554,1.8115411150626535
