f_id,i_id,true,predicted
8,1,2.0619046628743263,1.784817279714736
8,2,2.169655039357204,1.784817279714736
8,3,2.3711469438082005,1.7537417871300307
8,4,2.514100067836386,1.784817279714736
8,5,2.4586828973694086,1.784817279714736
