f_id,i_id,log_precision
9,1,2.520785301377974
9,2,2.512130428118659
9,3,2.5405811717358127
9,4,2.508415968081053
9,5,2.272683782188846
