f_id,i_id,log_precision
12,1,5.508481474861777
12,2,4.721601660519329
12,3,5.298826317815776
12,4,5.438038813404898
12,5,5.013253081895612
