f_id,i_id,log_precision
13,1,2.012956227800625
13,2,1.7926599435692214
13,3,1.9088525351995969
13,4,2.091025614006237
13,5,2.143273979870315
