f_id,i_id,log_precision
7,1,1.264907131539305
7,2,1.2661697139168584
7,3,1.2929493195100012
7,4,0.9615837632979256
7,5,1.0344632619662582
