f_id,i_id,log_precision
11,1,2.1317479009844704
11,2,2.0568599647335564
11,3,2.0646427029893832
11,4,2.095776494063313
11,5,2.037244025872633
