f_id,i_id,log_precision
10,1,4.339943152985812
10,2,4.331770438902518
10,3,4.471777537030956
10,4,4.45141327360574
10,5,4.537944233052587
