f_id,i_id,ic.eps.ratio,pca.expl_var_PC1.cov_init,ic.eps.max,pca.expl_var.cov_init,ela_meta.lin_simple.intercept,ela_level.mmce_qda_50,ic.eps.s,ela_distr.skewness,ela_meta.lin_simple.coef.min,ela_meta.lin_simple.coef.max,ela_meta.lin_w_interact.adj_r2,disp.ratio_mean_25,disp.diff_median_25,ela_distr.kurtosis,nbc.nb_fitness.cor,disp.diff_mean_25,disp.ratio_median_05,ela_level.mmce_mda_50,ela_level.qda_mda_10,disp.diff_mean_05,ela_level.lda_qda_10,disp.ratio_mean_02,ela_level.lda_mda_10,ela_level.qda_mda_50,ela_level.mmce_mda_25,nbc.nn_nb.mean_ratio,ela_level.lda_mda_25,disp.ratio_mean_05,disp.ratio_median_02,ela_meta.quad_simple.adj_r2
20,1,1.6281731647046953,0.6997709232301093,1.9810455034049408,-0.7091399635591878,1.076877972087598,-0.6968039463774548,1.563908356951383,-0.1612996966754336,0.3440963585534918,1.5576390742221375,0.4470398508055263,0.7096318254507656,0.7144249822856501,-0.1950994554097033,0.4424345667732812,0.7097924156535111,0.9306331425127176,-1.0799764103258094,-1.054072778072602,0.922407051489298,0.6683368992102695,0.8804134932280788,-0.8196422584444218,5.702492164029301,-1.0880139495581718,-0.2129244285682223,2.5948345006448297,0.922083786705038,0.8878031692205699,-0.0456385187140141
