f_id,i_id,ic.eps.max,ic.eps.ratio,ela_meta.lin_simple.intercept,ela_distr.skewness,ela_meta.lin_simple.coef.min,pca.expl_var_PC1.cov_init,ela_meta.lin_simple.coef.max,ic.eps.s,pca.expl_var.cov_init,ela_level.mmce_qda_50,ela_meta.quad_simple.adj_r2,disp.ratio_mean_25,ela_level.mmce_qda_25,ela_level.mmce_mda_50,disp.ratio_mean_05,disp.ratio_median_02,nbc.nb_fitness.cor,ela_distr.kurtosis,disp.diff_median_25,disp.diff_median_02,ela_level.qda_mda_10,ela_level.lda_qda_10,ic.h.max,ela_level.lda_qda_50,nbc.nn_nb.cor,ela_level.lda_qda_25,ela_meta.lin_w_interact.adj_r2,disp.ratio_median_05,nbc.nn_nb.mean_ratio,disp.ratio_median_10
11,1,-0.3870912820395638,-0.4541452726818792,-0.3303098092791931,-0.369346480159632,-0.2643087602374362,0.4830469171672056,-0.362813149062161,-0.5180418672728236,-0.7091399635591877,2.042654059004175,-1.5456039768949557,1.1777847757975048,2.020527035324076,1.9749070867852845,1.085655562426064,1.042918411792651,-1.9472244531102985,-0.200309186810101,1.1827910584717651,1.0430578787819238,1.513004269365815,-1.1928881387876966,1.3492058598997068,-0.6618843498890349,-1.4727212724678516,-1.023753428331922,-1.8219225923590776,1.087719676464978,-1.853537154784088,1.124361729973699
