f_id,i_id,ic.eps.max,ic.eps.ratio,pca.expl_var_PC1.cov_init,ela_meta.lin_simple.intercept,ela_meta.lin_simple.coef.max,ela_distr.skewness,ic.eps.s,ela_meta.lin_simple.coef.min,ela_level.mmce_qda_50,pca.expl_var.cov_init,ela_meta.lin_w_interact.adj_r2,disp.ratio_mean_25,ela_level.mmce_qda_25,ela_distr.kurtosis,disp.diff_median_25,ela_level.lda_qda_50,disp.diff_median_02,nbc.nn_nb.mean_ratio,disp.ratio_median_02,pca.expl_var_PC1.cor_init,disp.diff_mean_05,disp.diff_mean_25,disp.ratio_median_05,disp.diff_median_05,ela_level.mmce_mda_50,disp.ratio_median_10,disp.diff_median_10,ela_level.lda_mda_50,disp.ratio_mean_05,nbc.nb_fitness.cor
28,1,-0.3870910028904853,-0.3555630917899406,0.6993499943478496,-0.3303093170033695,-0.3628125999162515,30.357624014630527,-0.3368456185959243,-0.2643037522906144,-0.7293986268406774,-0.7091399635591878,-1.3867655974324395,0.9832570419942404,-0.4793486424450224,228.69950194769413,1.0136827906121524,-0.4572000653265873,1.5267026731775868,-0.3963291131786854,1.5267430870063208,-0.9468476576644204,1.3445150667518446,0.9833333479685692,1.4024844066040183,1.402169091795804,-0.6888109237233766,1.2869441846618452,1.2868570571415303,-0.4148007567792104,1.3444952928844471,1.999478576621435
