f_id,i_id,ic.eps.ratio,ela_meta.lin_simple.intercept,pca.expl_var_PC1.cov_init,ic.eps.s,ela_distr.skewness,pca.expl_var.cov_init,ic.eps.max,ela_meta.lin_simple.coef.max,disp.ratio_mean_25,ela_meta.lin_w_interact.adj_r2,ela_meta.lin_simple.coef.min,disp.ratio_mean_02,nbc.nb_fitness.cor,ela_distr.kurtosis,ela_meta.quad_simple.adj_r2,disp.diff_mean_25,ela_level.lda_qda_10,disp.diff_mean_05,ela_level.mmce_qda_50,ela_level.mmce_mda_50,ela_level.lda_mda_50,ela_level.mmce_qda_25,disp.ratio_median_02,disp.ratio_median_05,disp.diff_median_02,nbc.nn_nb.mean_ratio,ic.h.max,ela_meta.quad_w_interact.adj_r2,nbc.nn_nb.cor,ela_level.lda_mda_10
15,1,0.9295170697549592,-0.3134830311515432,0.6997709232301089,1.1886273475938285,0.4695157982057315,-0.7091399635591878,-0.3823869564366686,-0.311542230547695,-1.194926226761585,-0.7004337374890668,-0.2411248524253469,-1.5185819653907515,1.403974705416127,-0.0687890054062377,-0.4071478083202955,-1.195083837581661,-0.5521773058838665,-1.4659335661912862,-0.1235036435417596,-0.072280894780569,-0.3152493681513575,0.2595178131886794,-1.4958523168462958,-1.4473529849182671,-1.495495030426197,0.9715121977933866,-1.7633281545540862,0.1495276818625806,0.6661930776263706,-0.0119629770462317
