f_id,i_id,pca.expl_var_PC1.cov_init,ic.eps.ratio,ic.eps.s,ela_meta.lin_simple.intercept,ela_meta.lin_simple.coef.min,ic.eps.max,pca.expl_var.cov_init,ela_meta.lin_simple.coef.max,ela_distr.skewness,ela_level.mmce_qda_50,disp.ratio_mean_25,ela_level.lda_qda_50,nbc.nn_nb.mean_ratio,ela_level.mmce_qda_25,ela_level.lda_qda_10,disp.diff_median_02,ela_meta.lin_w_interact.adj_r2,disp.ratio_median_05,disp.diff_mean_25,pca.expl_var_PC1.cor_x,disp.diff_median_10,ela_distr.kurtosis,ic.m0,ic.h.max,disp.ratio_median_02,disp.diff_median_25,disp.ratio_mean_05,nbc.nb_fitness.cor,ela_level.mmce_lda_10,disp.diff_mean_05
29,1,0.6997709232301093,1.1724764457449697,1.1706315857973282,-0.2438076364344712,-0.1417772842532315,-0.301355926616616,-0.7091399635591878,-0.234299038551794,-0.0699636644853188,-0.5575770399217957,1.3367294643929164,-0.4284729170493753,-1.0110243022042522,-0.6765497810064858,-0.6259731830581742,1.0561875720294909,0.8808345272574121,1.2410109361896329,1.3364585521669634,-0.3482448474577958,1.2852070682815335,-0.1835986325536272,-0.9453480841273564,-0.3998446734381657,1.056140030802012,1.3558551273856898,1.2193528803647402,0.5816584403362762,-1.9181505086125228,1.2192316376778043
