f_id,i_id,ic.eps.ratio,ela_meta.lin_simple.intercept,pca.expl_var_PC1.cov_init,ic.eps.max,pca.expl_var.cov_init,ela_meta.lin_simple.coef.max,ic.eps.s,ela_meta.lin_simple.coef.min,ela_level.mmce_qda_50,disp.ratio_mean_25,disp.ratio_mean_05,ic.h.max,disp.ratio_median_02,ela_distr.skewness,ela_meta.quad_w_interact.adj_r2,ela_level.mmce_qda_25,ela_meta.quad_simple.adj_r2,nbc.nn_nb.mean_ratio,ela_meta.lin_w_interact.adj_r2,ela_level.mmce_lda_25,disp.diff_median_02,disp.diff_mean_10,nbc.nb_fitness.cor,ela_level.mmce_mda_50,disp.ratio_mean_10,ela_level.lda_qda_10,ic.m0,disp.diff_mean_05,ela_distr.kurtosis,disp.diff_median_25
7,1,-0.6410253361777928,-0.3303101615340938,0.1868560494114762,-0.3870915210804582,0.3936067677488086,-0.3628130918223941,-0.6951701976783914,-0.2643085504440199,-0.595030122717607,-1.2207015462726098,-1.4169076953385622,0.5101932035427368,-1.4795126144561883,-0.3027969240219945,0.7145145709831386,-0.8211980121456904,1.487087050439795,1.2873445886111556,0.96602536548309,-1.652660899256846,-1.4793249356606544,-1.3345267775148155,0.0531557281652468,-0.5792185000291241,-1.3338502471433316,0.2555247180466587,-0.9114379662253692,-1.416153252990198,-0.2005767424305456,-1.2102127671547418
