f_id,i_id,ela_meta.lin_simple.intercept,ic.eps.ratio,ela_meta.lin_simple.coef.max,ic.eps.max,pca.expl_var_PC1.cov_init,pca.expl_var.cov_init,ela_meta.lin_simple.coef.min,ic.eps.s,ela_distr.skewness,disp.ratio_median_10,ela_meta.quad_simple.adj_r2,ela_meta.lin_w_interact.adj_r2,disp.ratio_mean_25,disp.diff_mean_05,disp.ratio_mean_05,ela_distr.kurtosis,disp.ratio_median_02,ela_level.mmce_qda_25,pca.expl_var_PC1.cor_x,nbc.nn_nb.mean_ratio,disp.diff_median_25,ela_level.mmce_qda_50,disp.diff_median_10,nbc.nb_fitness.cor,disp.diff_mean_25,ela_distr.number_of_peaks,ela_level.lda_qda_10,disp.diff_median_02,disp.diff_mean_02,ic.h.max
16,1,-0.3303101579326833,-1.5849910355107346,-0.3628131720162838,-0.3870915898721603,-1.811092322622485,1.5470030867191007,-0.2643087956376582,-1.537865771167551,-0.3664034931776117,0.8690263872729022,-1.6655781782784365,-1.95252501362424,0.9537473176053898,0.8519548816504496,0.8516080198878951,-0.1910476669900343,0.7854098280146723,2.0417399493263395,-2.40175980991061,-1.5842409059620823,0.9555902246374952,2.5139941615072225,0.8691029234774142,-1.750057520159191,0.9543771662513896,-0.1372564183666823,-1.1928881387876973,0.7854644468545066,0.7924477392802886,0.2314844207308115
