f_id,i_id,ic.eps.s,ic.eps.ratio,ic.eps.max,ela_distr.skewness,ela_meta.lin_simple.intercept,pca.expl_var_PC1.cov_init,pca.expl_var.cov_init,ela_meta.lin_simple.coef.min,ela_meta.lin_simple.coef.max,disp.ratio_mean_25,disp.ratio_mean_05,disp.diff_median_25,ela_level.qda_mda_10,disp.diff_mean_05,ic.h.max,ic.m0,ela_level.mmce_qda_50,disp.ratio_median_10,disp.ratio_mean_10,ela_level.lda_qda_10,disp.diff_median_10,nbc.dist_ratio.coeff_var,nbc.nb_fitness.cor,pca.expl_var_PC1.cor_init,ela_distr.kurtosis,ela_level.mmce_qda_25,ela_level.mmce_mda_25,ela_level.mmce_mda_50,disp.diff_mean_02,disp.ratio_mean_02
4,1,-0.0837800931389884,-0.0787072516008576,-0.3870864660082544,-0.2028068838160687,-0.3303061272222416,0.6997709232301093,-0.7091399635591878,-0.2643006563844568,-0.3628089823103154,-0.8703833002868451,-1.016222805999087,-0.8914111304401748,-0.3636430235852919,-1.016177436248027,-0.1144293655353303,-0.7479381114601855,-0.4234200812821356,-0.9853135703226632,-0.979229829621864,0.3709767794465625,-0.9856247001469968,-1.0232539729488666,0.0646083795376246,0.5981882416716107,-0.1961372218261462,-0.7523593292051916,-0.8429942910388065,-0.3854069843253129,-1.1005280244426834,-1.1006815310457367
