f_id,i_id,ic.eps.max,pca.expl_var_PC1.cov_init,ic.eps.ratio,ic.eps.s,ela_distr.skewness,disp.ratio_mean_25,disp.diff_median_10,ela_level.lda_qda_25,ela_level.mmce_mda_25,disp.diff_median_25,nbc.dist_ratio.coeff_var,pca.expl_var_PC1.cor_init,disp.ratio_median_02,ela_meta.quad_simple.adj_r2,ela_meta.lin_simple.intercept,ela_level.mmce_qda_50,disp.ratio_mean_02,disp.diff_mean_10,ela_meta.lin_simple.coef.max,disp.diff_median_02,ela_meta.lin_simple.adj_r2,disp.diff_mean_02,ela_meta.lin_simple.coef.min,disp.ratio_mean_05,ela_level.lda_qda_10,ela_level.lda_qda_50,pca.expl_var.cov_init,disp.diff_mean_25,ela_level.mmce_mda_10,nbc.nn_nb.mean_ratio
8,1,-0.3870915741728091,-1.6801479114560305,-0.8301112140513348,-0.8919735807359265,-0.3309266558754396,-1.411451170836441,-1.3175402032280843,-0.7212875585736709,0.2926812516755167,-1.384823419753418,-0.4895520621149952,1.0184590524933856,-1.1381230532506137,1.0620098005869327,-0.3303102131992703,-0.0404040731032712,-1.148888905984656,-1.3291067549538869,-0.3628131648160363,-1.1381818693891723,1.0744695849629575,-1.148799834393676,-0.2643087440060845,-1.237293572735397,-0.708020449186796,-0.5411623371284787,1.5470030867191007,-1.4112934110332738,-0.1090404514971379,0.4734901908914786
