f_id,i_id,ic.eps.ratio,ela_distr.skewness,pca.expl_var.cov_init,ela_meta.lin_simple.coef.min,ic.eps.s,ic.eps.max,disp.diff_median_25,ela_meta.lin_w_interact.adj_r2,nbc.nn_nb.mean_ratio,disp.diff_median_02,disp.diff_mean_02,ic.h.max,ic.m0,nbc.nb_fitness.cor,disp.ratio_median_02,ela_level.lda_qda_10,ela_meta.lin_simple.intercept,pca.expl_var_PC1.cov_init,disp.ratio_median_05,disp.ratio_median_10,ela_level.qda_mda_50,nbc.nn_nb.cor,ela_level.lda_qda_50,disp.ratio_mean_02,ela_level.lda_mda_10,ela_level.mmce_qda_25,disp.diff_median_10,ela_meta.quad_simple.cond,disp.ratio_mean_25,disp.ratio_median_25
23,1,-0.3613465043029039,-0.2229406247870189,-0.7091399635591878,-0.2643081405704403,-0.3820257298253732,-0.3870910545904317,-0.8923834407057374,0.2165466746555813,0.9297653647408218,-0.5068872398978683,-0.4945527845650599,0.2665016764397885,-0.4602688194591641,0.1045155299287265,-0.5070504559263951,1.2311802420355418,-0.3303096349153961,0.6910741941550652,-0.5379676189849844,-0.6316585361594454,-0.0758770512583318,0.7633317526656157,-0.2507300680330733,-0.4946874938058202,0.7605567708510184,-0.2361329224038077,-0.6317526649869561,-0.533022481447595,-0.8573896070687625,-0.8915191147633703
