f_id,i_id,ela_meta.lin_simple.intercept,ela_meta.lin_simple.coef.min,ic.eps.s,ic.eps.ratio,disp.diff_mean_10,ic.h.max,disp.diff_median_02,ic.eps.max,nbc.nn_nb.mean_ratio,pca.expl_var_PC1.cor_x,ela_level.mmce_qda_50,ela_level.lda_mda_50,ela_distr.skewness,nbc.nn_nb.sd_ratio,ela_level.qda_mda_10,ela_level.lda_qda_25,ela_level.mmce_mda_10,disp.diff_mean_02,ela_level.lda_qda_10,ela_level.qda_mda_25,ela_level.mmce_lda_10,ela_level.lda_qda_50,disp.ratio_median_05,pca.expl_var.cor_init,disp.diff_mean_25,ela_level.mmce_mda_25,pca.expl_var_PC1.cor_init,ela_distr.kurtosis,ela_meta.lin_w_interact.adj_r2,ela_meta.lin_simple.coef.max_by_min
1,1,0.614124175406515,0.0570652937053208,1.414061612662079,1.5051869533256172,-0.0641870592413895,0.162383092099392,0.0540207360451673,0.8018945350630068,0.4734901908914786,1.188558570953628,-0.7086479570345633,0.0423108197328928,-0.2275113469877522,0.3109335314340838,-1.901738129453606,1.063138320104925,-0.4120785183618031,0.0457571649475018,3.5504964303295217,0.892468767414168,0.4808396705457634,0.0783430327735292,0.0026704614241546,-1.6201851746019624,-0.1003346510115525,-1.443576480842607,1.0648272601591495,-0.1973869611872349,1.237985001937395,1.5194279091402652
