f_id,i_id,ela_meta.lin_simple.intercept,ic.eps.max,ic.eps.ratio,ela_meta.lin_simple.coef.min,ela_meta.lin_simple.coef.max,ela_level.mmce_qda_50,ic.eps.s,pca.expl_var.cov_init,pca.expl_var_PC1.cov_init,ela_distr.skewness,disp.ratio_mean_25,ela_meta.lin_w_interact.adj_r2,ela_level.mmce_mda_50,disp.ratio_median_10,disp.ratio_mean_02,ela_meta.quad_simple.adj_r2,disp.ratio_median_02,disp.diff_mean_10,disp.ratio_mean_05,pca.expl_var_PC1.cor_x,nbc.nb_fitness.cor,nbc.nn_nb.sd_ratio,disp.diff_mean_05,ela_level.mmce_qda_25,disp.diff_median_02,ela_level.qda_mda_10,disp.diff_median_25,disp.ratio_median_25,ic.h.max,disp.ratio_mean_10
13,1,-0.3303101865112998,-0.3870915889531739,-1.199378031654224,-0.2643087950006464,-0.3628131709624064,-0.6358820126665206,-1.2360472210695523,1.5470030867191007,-1.8046953580654208,-0.294873514518596,-1.3564836198797583,0.99699298875002,-0.5887653278267782,-1.4974189810266405,-1.6334546359941056,1.5653358914616555,-1.6073906011138968,-1.5163011924503724,-1.5776467823900164,0.4773882880156849,0.1200391224683147,2.274201418750518,-1.5779566235889122,-0.8277734869456536,-1.606323875365821,-0.2890899011489167,-1.335201468999693,-1.3346858898801237,0.5291783002589108,-1.516272611767075
