f_id,i_id,pca.expl_var_PC1.cov_init,ic.eps.ratio,ela_meta.lin_simple.intercept,ic.eps.s,ela_distr.skewness,ela_meta.lin_simple.coef.min,pca.expl_var.cov_init,ic.eps.max,ela_meta.lin_simple.coef.max,ela_level.mmce_qda_50,nbc.nb_fitness.cor,disp.ratio_mean_25,ela_meta.lin_w_interact.adj_r2,ela_level.mmce_qda_25,disp.diff_mean_05,disp.ratio_median_25,ela_distr.kurtosis,disp.ratio_median_10,disp.ratio_median_05,disp.diff_mean_25,ela_level.lda_qda_10,nbc.nn_nb.mean_ratio,disp.ratio_median_02,ela_level.qda_mda_50,disp.diff_median_25,disp.ratio_mean_05,ela_level.lda_mda_50,ela_level.mmce_mda_50,ela_distr.number_of_peaks,disp.diff_mean_02
19,1,0.698367874355888,-0.2861912137342403,-0.3303094263648448,-0.2579534809427486,-0.1788514988691703,-0.2643084457070696,-0.7091399635591878,-0.3870905210561803,-0.3628110952948701,-0.498249347025385,0.5048145075582976,-0.2838982120561115,0.4871329064548881,-1.1007398864644828,-0.203132804390155,-0.2850425238156601,-0.1965389469379132,-0.2229624534934442,-0.1890657049430177,-0.2834798591017568,0.3676787650739769,0.3727690299344184,-0.1235440656927768,1.0107069258244996,-0.2857839044972375,-0.2026264694017754,-0.1535586182713254,-0.7548082714123521,0.8670648319357529,-0.1335619194638685
