f_id,i_id,ela_meta.lin_simple.intercept,ic.eps.ratio,pca.expl_var_PC1.cov_init,ela_meta.lin_simple.coef.min,ic.eps.s,ela_meta.lin_simple.coef.max,ela_distr.skewness,ic.eps.max,ela_level.mmce_qda_50,pca.expl_var.cov_init,disp.ratio_median_10,disp.ratio_mean_25,ela_meta.lin_w_interact.adj_r2,nbc.nb_fitness.cor,disp.ratio_median_02,disp.diff_median_25,ela_level.qda_mda_10,disp.diff_mean_05,ela_level.lda_qda_10,ela_distr.kurtosis,ela_level.mmce_qda_25,disp.diff_mean_25,ela_level.mmce_mda_50,disp.diff_median_05,ela_level.lda_mda_10,nbc.nn_nb.mean_ratio,disp.ratio_mean_02,disp.ratio_mean_05,disp.ratio_median_05,nbc.nn_nb.sd_ratio
22,1,-0.3299600686794045,0.3852999625257266,0.6997709232301093,-0.2640530008777945,0.6787013954954467,-0.3612325915502768,0.1763466773653141,-0.3870746026994164,-0.3684545848960466,-0.7091399635591878,-0.02245454008388,-0.337380624501637,-0.3339033583079945,1.227565609223714,0.2390896116923042,-0.3431028824674128,-0.2488832517591306,0.1153949206864842,-0.2020772174413212,-0.1533702317784285,-0.5922227609288894,-0.3372639383841284,-0.6117703751825426,0.1134992253045592,-1.1527688870453932,0.3354593225152426,0.2329364082651116,0.1153430092182282,0.1136634127148181,-0.240216337131974
