f_id,i_id,ic.eps.max,ela_meta.lin_simple.intercept,ic.eps.ratio,pca.expl_var_PC1.cov_init,ic.eps.s,ela_meta.lin_simple.coef.max,ela_meta.lin_simple.coef.min,ela_distr.skewness,pca.expl_var.cov_init,ela_level.mmce_qda_50,disp.ratio_mean_25,disp.ratio_median_02,disp.ratio_mean_05,ela_meta.quad_simple.adj_r2,disp.diff_median_02,ela_level.mmce_qda_25,ela_level.mmce_mda_50,disp.diff_mean_10,ela_distr.kurtosis,disp.ratio_median_10,nbc.nn_nb.mean_ratio,ela_level.lda_qda_10,disp.diff_median_25,disp.ratio_median_05,nbc.nb_fitness.cor,nbc.nn_nb.cor,ela_meta.lin_w_interact.adj_r2,disp.diff_median_05,disp.ratio_mean_10,pca.expl_var_PC1.cor_x
9,1,-0.387091571422812,-0.3303102014254781,-0.8122872925534521,-1.6390590593694443,-0.8686535378719265,-0.3628131634186661,-0.2643087293723067,-0.2995547239148872,1.8617765032987292,-0.1104925854326013,-1.403410446603609,-1.1100942878322322,-1.2209469519905505,0.6551595958120097,-1.1107330198020169,0.1488090635043636,-0.0316011093822474,-1.3113767169152062,-0.1993349866583761,-1.3091545234461217,0.6502408234225898,-0.5990364492586129,-1.3905408592563706,-1.2142885540156512,-0.5119983841304256,0.3008664282506903,0.1744439633386497,-1.2141765398733424,-1.3117177440257244,0.827852441328382
