f_id,i_id,ela_meta.lin_simple.intercept,ic.eps.ratio,ic.eps.max,ela_meta.lin_simple.coef.min,ic.eps.s,ela_meta.lin_simple.coef.max,ela_level.mmce_qda_50,pca.expl_var_PC1.cov_init,ela_level.mmce_mda_50,disp.ratio_mean_25,pca.expl_var.cov_init,ela_level.qda_mda_10,disp.diff_median_25,disp.diff_mean_10,disp.ratio_mean_05,ic.h.max,disp.diff_median_10,ela_meta.lin_w_interact.adj_r2,ela_meta.lin_simple.adj_r2,ela_distr.skewness,disp.ratio_mean_02,nbc.nn_nb.sd_ratio,disp.diff_mean_25,ela_level.lda_qda_10,disp.ratio_median_10,ela_meta.quad_simple.adj_r2,ela_level.mmce_qda_25,disp.diff_mean_02,disp.diff_mean_05,nbc.nb_fitness.cor
14,1,-0.330310159773561,-0.8301112140513348,-0.3870915741728092,-0.2643087768522058,-0.8861173381373818,-0.3628131638931917,-0.3234008031961543,-1.619463854074522,-0.1968571676949979,-1.7504398867102606,1.8617765032987292,-0.2423286982093478,-1.727973168988714,-1.7468272336368171,-1.7197200720861583,0.7132001805375516,-1.720661930244165,0.3767471042962513,0.722423072191389,-0.3018732788489181,-1.7026323468591589,2.5005611619863464,-1.749593949228792,0.1180482412213835,-1.7211854911291924,1.192866641171079,-0.3702781291527641,-1.7028936262362957,-1.7202217154129569,-0.2748287176955052
