f_id,i_id,ic.eps.max,ic.eps.ratio,ela_meta.lin_simple.intercept,ela_distr.skewness,ic.eps.s,pca.expl_var_PC1.cov_init,pca.expl_var.cov_init,ela_meta.lin_simple.coef.max,ela_meta.lin_simple.coef.min,disp.ratio_mean_05,disp.ratio_mean_25,ela_level.mmce_qda_50,ela_level.mmce_qda_25,disp.ratio_mean_10,nbc.dist_ratio.coeff_var,ela_level.qda_mda_10,disp.diff_median_25,pca.expl_var_PC1.cor_init,ela_distr.kurtosis,disp.ratio_median_02,disp.diff_median_10,disp.diff_median_02,ela_level.lda_qda_10,ic.m0,ela_meta.quad_simple.adj_r2,disp.diff_mean_05,ela_level.mmce_mda_50,ela_level.lda_qda_25,ela_meta.lin_simple.adj_r2,ic.h.max
5,1,-0.3870915898095021,-1.4883208548376448,-0.3303102644404391,-0.4474437034499685,-1.5315888038546897,-1.8069335369896613,1.5470030867191007,-0.3628131720162838,-0.2643087956372956,1.3943891343477732,1.4954389861092847,2.534726923236645,2.0166787440677445,1.4027603503720707,1.917764532158114,1.513004269365815,1.5067244728473057,-1.4469982043352043,-0.1991463655328597,1.3383184196774909,1.4027110730361223,1.3382930855511463,-1.1928881387876973,2.2650224047080605,-1.6650409705729778,1.3944045257072006,2.3994695727117112,-1.022393246717475,-1.3212525379022504,1.2779078064882978
