f_id,i_id,ic.eps.ratio,ic.eps.s,pca.expl_var.cov_init,disp.diff_mean_10,ela_level.lda_mda_50,ic.eps.max,ic.h.max,disp.diff_median_05,ela_level.lda_qda_50,disp.ratio_mean_10,ela_meta.lin_simple.coef.min,ela_level.mmce_qda_50,ela_distr.number_of_peaks,ela_meta.lin_simple.coef.max,disp.diff_median_25,disp.diff_mean_25,ela_level.mmce_qda_25,disp.diff_mean_02,pca.expl_var_PC1.cor_x,nbc.dist_ratio.coeff_var,disp.ratio_mean_05,disp.ratio_mean_02,disp.ratio_median_02,disp.diff_median_02,ela_level.qda_mda_10,nbc.nb_fitness.cor,disp.ratio_median_25,ela_meta.lin_simple.intercept,pca.expl_var.cor_init,ela_level.lda_qda_10
2,1,1.7070042228230262,1.59552895484075,-0.7091399635591878,-1.7177286343478964,-0.3373600547145131,9.708898038767956,0.5888484313948296,-1.689928587637547,-0.3322198752005171,-1.7175306586551466,38.87769340940251,-0.3564575655518293,-0.7595059965715167,10.318927238235643,-1.648573091927689,-1.6689536257162148,-0.4071142080915239,-1.6799206618507971,0.7570919855156346,-1.5408211863278567,-1.701635975165762,-1.6796578808937823,-1.6964740697722631,-1.696599256081121,-0.2791054284842744,-0.1020024329886117,-1.6479940753347768,16.225551352235414,-1.6201851746019624,0.136781455556143
