f_id,i_id,ic.eps.ratio,ic.eps.max,ela_meta.lin_simple.intercept,ela_distr.skewness,ela_meta.lin_simple.coef.min,ela_meta.lin_simple.coef.max,ic.eps.s,pca.expl_var_PC1.cov_init,pca.expl_var.cov_init,ela_level.mmce_qda_50,disp.ratio_mean_25,nbc.nb_fitness.cor,ela_meta.quad_simple.adj_r2,disp.ratio_median_02,disp.ratio_mean_05,ela_level.mmce_mda_50,disp.diff_mean_10,ela_distr.kurtosis,disp.diff_median_02,disp.ratio_mean_10,disp.ratio_median_05,disp.diff_median_25,ela_level.lda_qda_50,ela_level.mmce_qda_25,ela_level.lda_qda_25,disp.diff_median_10,disp.ratio_mean_02,ela_meta.lin_w_interact.adj_r2,disp.ratio_median_10,nbc.nn_nb.sd_ratio
10,1,-0.4541452726818792,-0.3870912959148659,-0.3303098277042856,-0.3699529920242241,-0.2643087470095236,-0.3628131506953901,-0.5237222416942361,0.4809688326428748,-0.7091399635591877,1.975872791098064,1.4606487905676808,-1.9163963566466649,-1.4778452847781909,1.2562832857936332,1.309639197094856,1.922115297237099,1.3484494173565058,-0.2003081259262735,1.2565674358288224,1.3485408470958913,1.316039237371058,1.4644649060161117,-0.6581774936868613,2.018602560704018,-1.022393246717475,1.3496525387583085,1.2759035929434854,-1.81501281252392,1.34975324035837,-1.1825873405885412
