f_id,i_id,pca.expl_var.cov_init,ic.eps.ratio,pca.expl_var_PC1.cov_init,ela_meta.lin_simple.intercept,ic.eps.s,ela_meta.lin_simple.coef.min,ela_level.mmce_qda_50,ic.eps.max,ela_meta.lin_simple.coef.max,ela_meta.lin_w_interact.adj_r2,disp.ratio_median_10,ela_distr.skewness,disp.ratio_mean_25,ela_level.qda_mda_10,ela_level.mmce_qda_25,nbc.nn_nb.mean_ratio,ela_distr.kurtosis,ela_level.lda_qda_10,disp.diff_median_02,ic.h.max,disp.diff_mean_25,ela_distr.number_of_peaks,disp.ratio_median_05,ela_level.qda_mda_50,pca.expl_var_PC1.cor_x,nbc.nb_fitness.cor,disp.ratio_median_02,disp.diff_median_10,disp.diff_mean_02,pca.expl_var_PC1.cor_init
25,1,1.245821993205063,-0.6762841720099838,-0.0689344707989136,-0.3303100189962764,-0.6664686465201168,-0.2643087737848638,-0.7327364140039455,-0.3870915475082795,-0.3628131662040472,0.8999637504482129,0.1997319302989995,-0.1232722898949413,0.1580006655895324,-0.5185795267965735,-0.4119228615379309,0.5457210396409374,-0.1902842926256041,0.080593574428879,0.2645053022303051,-0.0045693661650606,0.157434590889256,-0.1846330982443901,0.2334802262712738,-1.237138472248433,0.6166445665684667,0.3010891227371813,0.2646534061397772,0.1990784347336981,0.2977126519904093,-1.3527358857187992
