f_id,i_id,ic.eps.max,pca.expl_var_PC1.cov_init,ic.eps.ratio,ela_meta.lin_simple.coef.max,ela_meta.lin_simple.coef.min,ela_meta.lin_simple.intercept,ela_distr.skewness,ic.eps.s,pca.expl_var.cov_init,ela_level.mmce_qda_50,disp.ratio_mean_25,ela_meta.lin_w_interact.adj_r2,disp.ratio_median_02,disp.diff_mean_05,ela_level.mmce_qda_25,nbc.nb_fitness.cor,ela_level.qda_mda_10,disp.diff_median_02,ela_level.lda_qda_50,disp.ratio_median_10,nbc.nn_nb.mean_ratio,ela_distr.kurtosis,disp.ratio_mean_05,pca.expl_var_PC1.cor_init,ela_distr.number_of_peaks,disp.diff_mean_25,disp.diff_median_05,disp.ratio_mean_10,disp.diff_median_10,disp.ratio_median_05
26,1,-0.3870915090500908,0.6089810501938258,-0.5765797345132343,-0.362813069848209,-0.2643086411862223,-0.3303099718171055,-0.0405052855529377,-0.472600252892097,-0.7091399635591878,-0.1448319433068806,0.1183048752477041,0.102142595383731,-0.801866826765776,-0.4348142994109464,0.4940923397879554,0.7265556492825263,1.078367203221621,-0.8019949477613428,-0.0534368422088939,-0.1155116679050655,0.2896029157340523,-0.1838732080911035,-0.4348848944023362,0.2476092523319442,0.0047314963062377,0.1179263429279746,-0.4439274294137897,-0.1006872973343172,-0.1157775972173637,-0.4437351673495276
