f_id,i_id,ela_meta.lin_simple.coef.min,ela_meta.lin_simple.intercept,ic.eps.s,ic.eps.max,ic.eps.ratio,ic.h.max,nbc.nn_nb.cor,pca.expl_var.cov_init,ela_meta.quad_simple.adj_r2,pca.expl_var_PC1.cor_x,disp.ratio_median_02,disp.diff_median_05,ela_level.mmce_qda_25,ela_level.lda_qda_25,ela_level.lda_mda_25,disp.diff_mean_05,nbc.nn_nb.sd_ratio,disp.diff_mean_25,ela_meta.lin_simple.coef.max,nbc.nn_nb.mean_ratio,ela_level.mmce_lda_50,ela_level.mmce_qda_10,ela_level.lda_qda_50,pca.expl_var.cor_init,ela_level.mmce_mda_50,disp.diff_mean_10,disp.ratio_mean_10,disp.diff_median_10,ela_level.lda_mda_50,ela_level.mmce_qda_50
12,1,-0.2643087955118701,-0.330310196156248,-1.0921724127192096,-0.3870915867114041,-1.03428050240112,1.308386923756396,-1.885845585656395,1.5470030867191007,-1.6650409705729778,-0.6960669057436463,1.3030591010671428,1.3134071671613663,2.0166787440677445,-1.022393246717475,-0.8714791752047034,1.3201431388960536,-1.4850052855614466,1.474605791503116,-0.3628131719713582,-2.044540767734396,1.6587801266393136,1.7653737581329698,-0.6626323329100475,0.6708203932499399,2.3890758035306705,1.3685735999375568,1.368550400777584,1.3724491016629612,-0.4936277770450383,2.527001945860678
