f_id,i_id,pca.expl_var_PC1.cov_init,ic.eps.s,ela_meta.lin_simple.coef.min,pca.expl_var.cov_init,ic.eps.max,ic.eps.ratio,ela_meta.lin_simple.intercept,nbc.nn_nb.cor,nbc.nn_nb.mean_ratio,ela_level.qda_mda_10,disp.diff_median_25,ela_distr.skewness,pca.expl_var_PC1.cor_init,nbc.nb_fitness.cor,ela_level.lda_qda_25,disp.diff_median_02,ela_level.mmce_qda_25,ela_level.lda_mda_50,nbc.nn_nb.sd_ratio,ela_level.lda_mda_10,ela_level.lda_qda_50,disp.ratio_median_25,disp.diff_mean_02,pca.expl_var_PC1.cor_x,disp.ratio_median_05,ela_level.mmce_mda_50,disp.diff_median_05,ela_level.lda_qda_10,ela_distr.kurtosis,ic.h.max
18,1,0.6997709232301089,1.401693446217323,-0.1338140236285178,-0.7091399635591878,0.8594742946087864,1.518017591104257,0.3456749704320983,-0.6983247326459011,0.4302714313214179,0.0278254872008552,-0.1642369337954993,-0.246072563669278,-0.7939502912066482,-0.3423768049370306,0.1395770684678452,0.4658177668216559,0.0255653322704533,-0.1741244724442267,-0.3351489938318965,-0.8196422584444218,0.8957455684013442,-0.1650459377338278,0.4610123402086413,-1.1983634613433198,0.2769264340168826,0.1314809969197281,0.2770191461641445,-0.3465258225088627,-0.1984638133299102,0.5378141005141442
