f_id,i_id,pca.expl_var_PC1.cov_init,ic.eps.ratio,ela_meta.lin_simple.intercept,ic.eps.s,ic.eps.max,pca.expl_var.cov_init,ela_meta.lin_simple.coef.min,ela_meta.lin_simple.coef.max,ela_distr.skewness,ela_level.mmce_qda_50,disp.ratio_mean_25,ela_meta.lin_w_interact.adj_r2,nbc.nn_nb.mean_ratio,ela_level.mmce_qda_25,nbc.nb_fitness.cor,disp.diff_median_02,disp.diff_mean_25,ic.h.max,disp.diff_median_10,ela_level.lda_qda_50,disp.ratio_median_05,pca.expl_var_PC1.cor_x,ela_distr.kurtosis,ic.m0,ela_distr.number_of_peaks,ela_level.lda_qda_10,ela_level.qda_mda_10,ela_level.lda_mda_10,ela_meta.lin_simple.adj_r2,nbc.nn_nb.sd_ratio
30,1,0.6997709232301093,0.9686240752998688,-0.3135266127985206,1.0159679765470673,-0.3707621666675044,-0.7091399635591878,-0.0416682007418254,-0.3241868255163351,0.0065584641317499,-0.4978836871874065,0.6583610232319757,0.830091002574343,-0.6537362961967406,-0.5308646144419468,0.9952116696477368,0.4387057804433867,0.6583988080137073,-1.0394069195531803,0.557881116314443,-0.6040395160648175,0.484151266065467,1.5646810300428078,-0.1746696772637206,-0.6457631369514455,0.3841927244155116,1.6222346516705628,-1.559838438944645,-0.2741426167954421,0.806679998083356,-0.6843404292973767
