f_id,i_id,ic.eps.ratio,ela_meta.lin_simple.intercept,ic.eps.s,ela_distr.skewness,pca.expl_var_PC1.cov_init,pca.expl_var.cov_init,ela_meta.lin_simple.coef.max,ic.eps.max,ela_meta.lin_simple.coef.min,disp.ratio_mean_25,disp.ratio_mean_05,ela_meta.quad_simple.adj_r2,nbc.nn_nb.mean_ratio,nbc.nb_fitness.cor,disp.diff_median_02,ela_level.qda_mda_10,ela_level.mmce_mda_50,ela_level.mmce_qda_25,ic.m0,disp.ratio_median_02,disp.diff_median_25,disp.ratio_mean_10,ela_level.mmce_qda_50,nbc.nn_nb.sd_ratio,disp.ratio_median_10,disp.diff_mean_10,ic.h.max,ela_distr.kurtosis,ela_meta.lin_w_interact.adj_r2,disp.diff_median_10
3,1,1.4222422492024422,0.0006030622649458,1.3770786056853888,-0.1735168192292762,0.6997709232301093,-0.7091399635591878,-0.2712436249216402,0.1167807803186871,0.0247269632304093,1.1276668699372117,1.161811729093139,-0.6295476024269645,-0.313096136177713,0.4584791729069501,1.185791400808121,-1.5317895639172958,-0.972701833526852,-0.863177405276082,-0.2583394791196798,1.186140234943377,1.099874117159003,1.1648369589309897,-0.757238283431865,-0.8552667622910606,1.14388814656642,1.16513249741474,-0.6867960954727195,-0.1963907527535291,0.5636153831551617,1.143907264661869
