f_id,i_id,ela_meta.lin_simple.coef.min,ic.eps.s,ela_meta.lin_simple.coef.max,ela_meta.lin_simple.intercept,pca.expl_var.cov_init,ic.eps.ratio,ic.eps.max,disp.diff_mean_05,disp.ratio_median_10,ic.h.max,pca.expl_var_PC1.cov_init,ela_level.lda_qda_10,ela_distr.skewness,ela_distr.kurtosis,ela_level.mmce_qda_25,nbc.dist_ratio.coeff_var,nbc.nn_nb.mean_ratio,ela_meta.lin_w_interact.adj_r2,pca.expl_var_PC1.cor_x,disp.diff_mean_10,ela_meta.lin_simple.adj_r2,ela_distr.number_of_peaks,ela_level.lda_qda_25,ela_level.mmce_lda_10,pca.expl_var_PC1.cor_init,ela_level.lda_qda_50,nbc.nn_nb.sd_ratio,ela_meta.lin_simple.coef.max_by_min,ela_meta.quad_simple.cond,disp.diff_median_02
21,1,0.0441500378286899,1.4202378523178,1.29778962106007,0.2574353650468293,-0.7091399635591878,1.4572270993322751,0.2773383002113514,0.7281381666183397,0.6239488222711033,-0.7391866817130132,0.6997709232301093,2.3416543677386765,-0.1678333874943988,-0.1958823131296435,-1.2153123348593382,0.3017015531443708,-0.141509411590943,1.2278069555740347,-0.9802191553634436,0.6235401346149106,1.4421316858460784,0.7692467783642069,4.49994183160346,0.5639924552494197,1.2407746236942685,-0.6530088920909973,-0.3013650652745806,2.4606759311106337,0.7519237265693632,0.6920031190211103
