f_id,i_id,ic.eps.max,ic.eps.s,ic.eps.ratio,pca.expl_var_PC1.cov_init,ela_distr.skewness,ela_meta.lin_simple.coef.min,ela_meta.lin_simple.coef.max,ela_meta.lin_simple.intercept,pca.expl_var.cov_init,disp.ratio_mean_05,disp.diff_mean_05,ela_level.mmce_qda_50,disp.ratio_mean_25,disp.ratio_mean_10,disp.diff_median_10,ela_level.qda_mda_10,ela_level.mmce_qda_25,disp.ratio_median_02,disp.diff_median_25,pca.expl_var_PC1.cor_init,ic.m0,ela_level.lda_qda_10,nbc.dist_ratio.coeff_var,ela_distr.kurtosis,disp.diff_median_02,ic.h.max,ela_meta.quad_simple.adj_r2,ela_level.lda_qda_25,disp.diff_mean_10,ela_level.mmce_mda_50
6,1,-0.387091588953174,-1.254209945221541,-1.1932155161449518,-1.8069335369896615,-0.3646161500301335,-0.2643087953840642,-0.3628131718646601,-0.3303102548207436,1.5470030867191007,0.5151083063093808,0.5151737441034009,1.0981245683115293,0.5605554157409374,0.5278761634647395,0.5183597340061549,1.5365202369177473,1.8977071529470648,0.481284902102245,0.5404785122008021,-0.983668069693218,1.0364619163996085,-1.202173318926387,0.7892632835045814,-0.200191853195215,0.4814968970494819,1.1935179758127432,-1.0772711899900036,-0.984042593358764,0.5278035905291044,1.3236955689917662
