f_id,i_id,ic.eps.ratio,ela_meta.lin_simple.intercept,pca.expl_var_PC1.cov_init,pca.expl_var.cov_init,ela_meta.lin_simple.coef.min,ic.eps.s,ic.eps.max,ela_level.mmce_qda_50,disp.ratio_median_10,ela_distr.skewness,ela_meta.lin_simple.coef.max,ela_meta.lin_w_interact.adj_r2,disp.ratio_mean_25,ic.h.max,disp.diff_median_25,nbc.nn_nb.mean_ratio,ela_level.mmce_qda_25,disp.ratio_median_02,disp.diff_mean_25,nbc.nb_fitness.cor,ela_level.lda_qda_50,ela_level.qda_mda_10,ela_level.lda_qda_10,disp.diff_median_02,disp.diff_median_10,ela_distr.kurtosis,ela_level.qda_mda_50,nbc.nn_nb.sd_ratio,disp.ratio_median_05,ela_level.lda_mda_10
24,1,-0.7411492131222048,-0.3303100126011118,0.5372913959583397,-0.7091399635591878,-0.2643086398442603,-0.5407734907192381,-0.3870915696335733,-0.6882970104557975,-1.3298473292870654,-0.028139668869901,-0.3628130899504982,1.0567138457767549,-1.2375531655791987,-0.5514091641516048,-1.267142128275984,0.8941075486450949,-0.2225862938442129,-1.1680844464832407,-1.237310206760201,1.169715989413872,-0.4980422009170683,-0.0721924942041381,-0.201373864112583,-1.1673865315680851,-1.3299772778390309,-0.1849390706514483,-0.5538590658143239,0.8716867349461489,-1.273830072265197,-0.1920305653463958
