f_id,i_id,pca.expl_var_PC1.cov_init,ic.eps.max,ic.eps.ratio,ela_meta.lin_simple.intercept,ela_meta.lin_simple.coef.max,ela_meta.lin_simple.coef.min,ela_distr.skewness,ic.eps.s,ela_level.mmce_qda_50,pca.expl_var.cov_init,disp.ratio_mean_25,ela_level.mmce_qda_25,disp.diff_median_25,ela_meta.lin_w_interact.adj_r2,disp.ratio_median_02,nbc.nb_fitness.cor,nbc.nn_nb.mean_ratio,disp.diff_median_02,ela_distr.kurtosis,ela_level.qda_mda_10,disp.diff_mean_05,disp.ratio_mean_10,disp.diff_mean_25,pca.expl_var_PC1.cor_init,ela_level.lda_qda_50,disp.diff_median_05,disp.ratio_median_05,disp.ratio_mean_05,ela_level.mmce_mda_50,disp.ratio_median_10
27,1,0.6978066926964932,-0.3870908840209889,-0.30927903630782,-0.3303094195645152,-0.3628123733578955,-0.2643010529022396,-0.0829157057679603,-0.2748538454489436,-0.3241269340111044,-0.7091399635591878,0.3286354961758914,-0.5211951339311931,0.3251732061757595,0.6056713410351466,0.0635098405862617,0.5460082745463637,0.0781544159884068,0.063698703245621,-0.1863369202450739,0.695951257705691,-0.0393145421306276,0.0653488611282519,0.3278659174116793,0.2343824801578892,-0.2418570798114071,-0.0713534777032423,-0.0709536086391007,-0.039789996539377,-0.4288725959484808,0.0332294299015731
