f_id,i_id,ic.eps.ratio,ela_meta.lin_simple.intercept,pca.expl_var.cov_init,pca.expl_var_PC1.cov_init,ic.eps.s,ela_meta.lin_simple.coef.max,ela_distr.skewness,ic.eps.max,ela_meta.lin_w_interact.adj_r2,ela_meta.lin_simple.coef.min,disp.ratio_mean_25,ela_level.lda_qda_10,disp.ratio_median_10,ela_distr.kurtosis,disp.ratio_mean_05,disp.diff_mean_05,nbc.nn_nb.mean_ratio,ela_level.mmce_qda_25,ela_level.mmce_qda_50,disp.ratio_median_02,disp.diff_mean_02,disp.diff_median_25,disp.diff_mean_25,ela_meta.quad_simple.adj_r2,nbc.nb_fitness.cor,ela_meta.lin_simple.adj_r2,nbc.nn_nb.sd_ratio,ela_level.qda_mda_10,disp.diff_median_10,disp.diff_median_02
17,1,1.4222422492024422,0.0042045862588655,-0.7091399635591878,0.6997709232301089,1.389376139476093,-0.2109773254622484,-0.0959769838294964,0.1051847941067654,1.0284089604971172,-0.0552080562684202,0.8235275810493758,0.2802977719186777,0.689162524050989,-0.1884031104457856,0.6153973529104437,0.6155791553735918,-0.1329451696510771,-0.8023127500051832,-0.878198095447042,0.6785134510068037,0.6744405738978159,0.8413076646334738,0.823747317179362,-0.999715701757082,0.5948109276493398,-1.198582615612257,-0.4622105907001365,-0.7178339868470356,0.6892923628123943,0.6788273462286655
