f_id,i_id,ic.eps.ratio,pca.expl_var.cov_init,nbc.nb_fitness.cor,disp.diff_mean_05,ic.eps.s,ela_meta.lin_w_interact.adj_r2,pca.expl_var_PC1.cor_x,ela_distr.kurtosis,ela_meta.lin_simple.coef.max_by_min,pca.expl_var_PC1.cov_init,ela_level.mmce_mda_25,ela_level.qda_mda_25,ic.m0,ela_level.lda_mda_50,disp.diff_median_02,ela_meta.lin_simple.adj_r2,ela_meta.quad_simple.adj_r2,disp.ratio_median_10,ela_level.qda_mda_10,ela_level.lda_qda_25,nbc.nn_nb.cor,ela_distr.number_of_peaks,ela_level.mmce_lda_10,ela_level.mmce_qda_25,ela_meta.lin_simple.intercept,nbc.nn_nb.sd_ratio,disp.ratio_median_02,ela_distr.skewness,ela_level.mmce_lda_25,ela_meta.quad_simple.cond
26,1,-0.5765797345132343,-0.7091399635591878,0.7265556492825263,-0.4348142994109464,-0.472600252892097,0.102142595383731,-0.4866406139680045,-0.1838732080911035,-0.4034932751521911,0.6089810501938258,0.6910187206674572,-0.1769813030524077,-0.1909283858209242,-0.2284082367856431,-0.8019949477613428,0.0853753983619268,-0.1641156611984648,-0.1155116679050655,1.078367203221621,-0.6642609092767401,0.1827729050659444,0.0047314963062377,-2.9936759930418324,0.4940923397879554,-0.3303099718171055,0.2118526644558236,-0.801866826765776,-0.0405052855529377,0.1005872221060901,-0.5505488412120009
