f_id,i_id,disp.diff_median_25,ela_meta.lin_w_interact.adj_r2,disp.diff_mean_10,disp.diff_median_05,ela_meta.quad_simple.adj_r2,ela_level.mmce_qda_50,ic.eps.s,disp.ratio_median_10,nbc.nb_fitness.cor,disp.diff_mean_05,ic.m0,nbc.nn_nb.cor,disp.ratio_mean_10,pca.expl_var_PC1.cov_init,ic.eps.max,ela_meta.lin_simple.coef.min,nbc.nn_nb.sd_ratio,ic.eps.ratio,ic.h.max,nbc.nn_nb.mean_ratio,ela_level.mmce_qda_25,ela_distr.skewness,ela_distr.kurtosis,disp.ratio_mean_25,ela_meta.quad_simple.cond,nbc.dist_ratio.coeff_var,ela_distr.number_of_peaks,disp.diff_mean_25,disp.ratio_mean_05,pca.expl_var.cov_init
2,1,-1.648573091927689,0.4611918995542994,-1.7177286343478964,-1.689928587637547,1.3173381002632962,-0.3564575655518293,1.59552895484075,-1.7040025430697834,-0.1020024329886117,-1.7017707756678662,-0.6446190625923456,1.7978735447212566,-1.7175306586551466,0.6997709232301093,9.708898038767956,38.87769340940251,1.9107592065521344,1.7070042228230262,0.5888484313948296,1.4056996927586118,-0.4071142080915239,-0.2793886607646793,-0.1997468154475421,-1.6688523624513347,-0.3727582185242376,-1.5408211863278567,-0.7595059965715167,-1.6689536257162148,-1.701635975165762,-0.7091399635591878
