f_id,i_id,ic.eps.s,pca.expl_var_PC1.cov_init,ela_distr.skewness,pca.expl_var.cov_init,ic.eps.ratio,disp.ratio_mean_10,ela_meta.quad_simple.cond,nbc.nb_fitness.cor,ela_meta.lin_simple.intercept,ic.eps.max,ela_distr.kurtosis,ela_level.mmce_qda_25,ela_level.lda_qda_10,ela_meta.quad_simple.adj_r2,ela_meta.lin_simple.coef.max_by_min,pca.expl_var_PC1.cor_x,ela_level.qda_mda_25,disp.diff_median_25,ela_level.mmce_mda_25,ela_meta.lin_w_interact.adj_r2,ela_level.qda_mda_10,ela_meta.lin_simple.adj_r2,nbc.nn_nb.cor,disp.diff_mean_25,ela_meta.quad_w_interact.adj_r2,disp.ratio_median_05,ela_level.lda_mda_25,ela_level.mmce_qda_10,disp.ratio_mean_02,pca.expl_var_PC1.cor_init
15,1,1.1886273475938285,0.6997709232301089,0.4695157982057315,-0.7091399635591878,0.9295170697549592,-1.3723605077080847,0.0558681663575499,1.403974705416127,-0.3134830311515432,-0.3823869564366686,-0.0687890054062377,0.2595178131886794,-0.5521773058838665,-0.4071478083202955,0.5123102244725636,-1.346818460777927,-0.2998542000514417,-1.1799667676055896,0.4565371519614289,-0.7004337374890668,0.4245946150831598,-0.5218158100480292,0.6661930776263706,-1.195083837581661,0.1495276818625806,-1.4473529849182671,-0.2967305869133126,0.7847430804387484,-1.5185819653907515,-0.3092478997356324
