f_id,i_id,pca.expl_var.cov_init,ic.eps.s,ela_distr.skewness,ic.eps.max,nbc.nn_nb.cor,ic.eps.ratio,disp.ratio_mean_10,pca.expl_var_PC1.cov_init,disp.diff_median_05,ela_meta.lin_simple.coef.max_by_min,ela_meta.lin_simple.intercept,ela_level.mmce_qda_50,pca.expl_var_PC1.cor_x,disp.diff_median_25,ela_level.qda_mda_25,nbc.nn_nb.mean_ratio,ela_level.lda_qda_50,disp.ratio_mean_25,ela_meta.quad_simple.cond,disp.diff_mean_05,disp.ratio_median_10,ela_level.lda_qda_25,ela_meta.quad_simple.adj_r2,nbc.nb_fitness.cor,ela_level.mmce_mda_25,disp.ratio_median_02,ela_meta.lin_w_interact.adj_r2,ela_level.mmce_qda_10,ela_level.lda_qda_10,disp.ratio_mean_02
7,1,0.3936067677488086,-0.6951701976783914,-0.3027969240219945,-0.3870915210804582,0.9357650489224748,-0.6410253361777928,-1.3338502471433316,0.1868560494114762,-1.393628856372679,-0.614988662363408,-0.3303101615340938,-0.595030122717607,-0.2793115247828541,-1.2102127671547418,-0.3240437102602382,1.2873445886111556,-0.4097582770599091,-1.2207015462726098,-0.5645079371891311,-1.416153252990198,-1.3194942512905266,-0.3473368914942794,1.487087050439795,0.0531557281652468,-0.8673399570319887,-1.4795126144561883,0.96602536548309,-1.1097343729743048,0.2555247180466587,-1.5142014882462973
