f_id,i_id,ela_meta.lin_simple.intercept,ic.eps.s,ela_level.mmce_qda_50,ic.eps.ratio,pca.expl_var.cov_init,ic.eps.max,ela_distr.kurtosis,nbc.nb_fitness.cor,ela_meta.quad_simple.adj_r2,pca.expl_var_PC1.cov_init,ela_meta.lin_simple.coef.min,ela_meta.lin_w_interact.adj_r2,disp.ratio_median_10,ela_distr.skewness,disp.diff_median_25,disp.ratio_mean_10,pca.expl_var_PC1.cor_x,ela_distr.number_of_peaks,ic.m0,disp.ratio_median_25,disp.diff_mean_05,nbc.nn_nb.cor,disp.diff_median_05,ela_level.qda_mda_25,ela_level.mmce_mda_50,ela_meta.lin_simple.coef.max,ela_level.lda_qda_50,ela_level.mmce_lda_25,ela_level.mmce_mda_25,disp.ratio_median_05
10,1,-0.3303098277042856,-0.5237222416942361,1.975872791098064,-0.4541452726818792,-0.7091399635591877,-0.3870912959148659,-0.2003081259262735,-1.9163963566466649,-1.4778452847781909,0.4809688326428748,-0.2643087470095236,-1.81501281252392,1.34975324035837,-0.3699529920242241,1.4644649060161117,1.3485408470958913,-0.3482448474577773,-0.7595059965715167,2.2593451259388635,1.464830506735125,1.309277336527488,-1.4302122807691728,1.3159798606646336,0.8205659952243416,1.922115297237099,-0.3628131506953901,-0.6581774936868613,1.03691699783685,1.829847449240084,1.316039237371058
