f_id,i_id,ic.eps.max,disp.diff_median_25,ic.eps.s,pca.expl_var_PC1.cov_init,pca.expl_var.cov_init,disp.diff_mean_10,ela_distr.skewness,disp.ratio_mean_10,ic.eps.ratio,ela_level.qda_mda_25,ela_meta.lin_simple.intercept,ela_level.mmce_qda_10,ela_meta.quad_simple.adj_r2,ela_level.qda_mda_10,ela_level.lda_qda_50,ela_meta.lin_w_interact.adj_r2,ela_level.mmce_mda_25,disp.diff_median_05,ic.m0,nbc.nn_nb.cor,ela_level.lda_mda_50,nbc.nn_nb.mean_ratio,ela_meta.lin_simple.coef.max_by_min,pca.expl_var_PC1.cor_x,nbc.nn_nb.sd_ratio,ela_level.mmce_qda_25,disp.ratio_mean_02,disp.diff_mean_25,pca.expl_var_PC1.cor_init,ela_level.lda_qda_25
3,1,0.1167807803186871,1.099874117159003,1.3770786056853888,0.6997709232301093,-0.7091399635591878,1.16513249741474,-0.1735168192292762,1.1648369589309897,1.4222422492024422,0.1191917455647325,0.0006030622649458,-0.9175544589419912,-0.6295476024269645,-1.5317895639172958,2.9392592997215528,0.5636153831551617,-1.0330667197711076,1.1414463711438865,-0.2583394791196798,-0.9578800707365286,2.717784368291736,-0.313096136177713,-0.6339407256356003,-0.9085424313026268,-0.8552667622910606,-0.863177405276082,1.2199680318673334,1.127282821365261,-1.3936813104423942,2.002487663091149
