f_id,i_id,ic.eps.s,pca.expl_var.cov_init,ic.eps.ratio,disp.diff_median_05,nbc.nn_nb.cor,disp.ratio_mean_10,disp.ratio_median_25,nbc.nb_fitness.cor,disp.diff_mean_10,ela_meta.lin_w_interact.adj_r2,ic.eps.max,pca.expl_var.cor_init,disp.ratio_mean_05,ic.m0,ela_meta.lin_simple.coef.max_by_min,ic.h.max,ela_distr.number_of_peaks,nbc.nn_nb.mean_ratio,ela_distr.kurtosis,ela_level.mmce_lda_50,ela_level.lda_qda_25,ela_level.mmce_mda_25,ela_level.mmce_lda_10,ela_level.lda_qda_10,ela_level.qda_mda_50,ela_meta.lin_simple.intercept,ela_meta.lin_simple.adj_r2,nbc.nn_nb.sd_ratio,disp.diff_mean_05,disp.ratio_median_05
8,1,-0.8919735807359265,1.5470030867191007,-0.8301112140513348,-1.2276893635926285,-0.2964099621173928,-1.3294188385086896,-1.3852179047444613,-0.5629614102484367,-1.3291067549538869,0.2686794249102338,-0.3870915741728091,-1.620185174601965,-1.237293572735397,0.6806599682054645,-0.7294602133101374,1.1262255963033727,-0.7595059965715167,0.4734901908914786,-0.2001206681073211,-0.5276839292986124,-0.7212875585736709,0.2926812516755167,-0.0616496550557287,-0.708020449186796,-0.5859251698158371,-0.3303102131992703,1.0744695849629575,0.230806558027333,-1.2374652809293207,-1.2276781518877284
