f_id,i_id,pca.expl_var.cov_init,ic.eps.ratio,ic.eps.s,ic.eps.max,ela_meta.lin_simple.coef.min,nbc.nb_fitness.cor,ic.m0,disp.diff_median_25,disp.ratio_median_02,ela_level.mmce_qda_10,ela_level.lda_mda_10,disp.diff_mean_05,ela_level.mmce_mda_25,ela_level.qda_mda_25,disp.diff_median_10,ela_distr.kurtosis,disp.diff_mean_25,ela_meta.lin_simple.coef.max_by_min,ela_level.lda_mda_50,ela_meta.quad_simple.cond,ela_level.qda_mda_50,disp.diff_mean_02,ela_meta.lin_simple.adj_r2,ela_level.mmce_lda_10,ela_distr.number_of_peaks,disp.ratio_mean_25,ela_level.mmce_lda_50,nbc.nn_nb.mean_ratio,pca.expl_var_PC1.cor_x,ela_level.mmce_qda_25
25,1,1.245821993205063,-0.6762841720099838,-0.6664686465201168,-0.3870915475082795,-0.2643087737848638,0.3010891227371813,-0.5442488355097868,0.1245114081261646,0.2646534061397772,-0.0615681341944541,-0.8196422584444218,0.2529034048131228,-0.067515242559274,-1.1560775769199316,0.1990784347336981,-0.1902842926256041,0.157434590889256,-0.6612186978429061,0.407331978877139,-0.3492113468676307,-1.237138472248433,0.2977126519904093,-1.2888809049763643,0.5602048235638022,-0.1846330982443901,0.1580006655895324,1.44629357891205,0.5457210396409374,0.6166445665684667,-0.4119228615379309
