f_id,i_id,disp.diff_median_25,ela_meta.lin_simple.intercept,ic.eps.s,ela_level.mmce_lda_25,ic.eps.max,ic.eps.ratio,pca.expl_var_PC1.cov_init,ela_distr.skewness,ela_level.qda_mda_25,pca.expl_var_PC1.cor_init,pca.expl_var_PC1.cor_x,ela_meta.lin_simple.coef.max_by_min,pca.expl_var.cov_init,disp.diff_mean_05,ela_level.lda_mda_50,ela_level.mmce_qda_10,ela_level.lda_qda_50,disp.diff_mean_10,ela_level.mmce_mda_50,ela_meta.lin_simple.coef.max,disp.diff_median_10,ela_meta.lin_simple.adj_r2,ela_meta.lin_w_interact.adj_r2,ela_distr.number_of_peaks,nbc.dist_ratio.coeff_var,disp.ratio_mean_10,ela_level.lda_mda_25,ic.m0,ela_level.lda_qda_10,disp.diff_mean_02
20,1,0.7144249822856501,1.076877972087598,1.563908356951383,1.03691699783685,1.9810455034049408,1.6281731647046953,0.6997709232301093,-0.1612996966754336,1.670262475924949,-0.4753923059623501,-0.6960669057436463,0.8287330122704674,-0.7091399635591878,0.922407051489298,3.051155906925304,-0.5193587324075911,1.3537645889566154,0.8721260921083196,-1.0799764103258094,1.5576390742221375,0.880103056581297,-0.6574878861154551,0.4470398508055263,0.8670648319357529,0.4096082614443044,0.8716924392868999,2.5948345006448297,-0.2279918131142088,0.6683368992102695,0.8803727399719213
