f_id,i_id,disp.diff_median_25,pca.expl_var.cov_init,ic.eps.s,disp.diff_mean_10,ic.eps.ratio,ela_meta.lin_simple.intercept,ic.eps.max,pca.expl_var_PC1.cov_init,ela_distr.skewness,disp.ratio_mean_10,ela_level.qda_mda_25,disp.diff_median_05,nbc.nn_nb.cor,ela_meta.lin_w_interact.adj_r2,ela_meta.lin_simple.coef.max_by_min,ela_level.lda_qda_50,pca.expl_var_PC1.cor_x,ela_meta.quad_simple.adj_r2,ela_meta.quad_simple.cond,pca.expl_var_PC1.cor_init,ela_level.mmce_qda_50,disp.diff_mean_05,disp.ratio_median_10,nbc.nn_nb.mean_ratio,nbc.nb_fitness.cor,ela_level.mmce_mda_25,ela_level.lda_qda_25,ela_level.mmce_mda_50,disp.ratio_median_02,disp.ratio_mean_02
5,1,1.5067244728473057,1.5470030867191007,-1.5315888038546897,1.402668991315598,-1.4883208548376448,-0.3303102644404391,-0.3870915898095021,-1.8069335369896613,-0.4474437034499685,1.4027603503720707,0.8205659952243425,1.3925216410202073,-1.501198721002582,-1.9501023142797624,-0.5421740705988127,-0.6640958836738244,-0.4173433845035862,-1.6650409705729778,-0.4589814167157455,-1.4469982043352043,2.534726923236645,1.3944045257072006,1.4026039332201423,-2.023768619896807,-2.3188936144827084,1.827881998331536,-1.022393246717475,2.3994695727117112,1.3383184196774909,1.3298462069749832
