f_id,i_id,ic.eps.s,disp.diff_median_25,ic.eps.ratio,pca.expl_var.cov_init,ela_meta.lin_simple.intercept,ela_distr.skewness,ela_level.qda_mda_25,disp.ratio_mean_10,pca.expl_var_PC1.cov_init,disp.diff_median_05,pca.expl_var_PC1.cor_init,nbc.nn_nb.sd_ratio,nbc.nn_nb.cor,ic.h.max,nbc.nb_fitness.cor,disp.diff_mean_05,ela_level.lda_qda_25,nbc.nn_nb.mean_ratio,disp.diff_mean_25,ela_meta.lin_w_interact.adj_r2,ic.eps.max,ela_level.mmce_mda_10,ela_level.mmce_lda_25,ela_level.mmce_lda_50,disp.ratio_median_02,ela_level.lda_qda_50,ela_level.lda_qda_10,ela_level.lda_mda_25,ela_level.mmce_mda_50,ela_meta.lin_simple.coef.max
11,1,-0.5180418672728236,1.1827910584717651,-0.4541452726818792,-0.7091399635591877,-0.3303098092791931,-0.369346480159632,0.8242810554596957,1.1222155002367844,0.4830469171672056,1.087593454615286,-1.2809931274928532,-1.4036732102339295,-1.4727212724678516,1.3492058598997068,-1.9472244531102985,1.0853235312390368,-1.023753428331922,-1.853537154784088,1.1778398782164925,-1.8219225923590776,-0.3870912820395638,0.701732706363245,1.03691699783685,1.2538190095334512,1.042918411792651,-0.6618843498890349,-1.1928881387876966,-0.8723061950040475,1.9749070867852845,-0.362813149062161
