f_id,i_id,ic.eps.s,pca.expl_var_PC1.cov_init,disp.ratio_median_10,ic.eps.ratio,pca.expl_var.cov_init,ic.m0,ela_level.qda_mda_25,ela_meta.lin_simple.intercept,disp.ratio_median_02,ela_meta.lin_simple.coef.max,ela_distr.kurtosis,nbc.nb_fitness.cor,ic.eps.max,ela_level.mmce_mda_25,disp.diff_mean_05,disp.ratio_mean_25,ela_level.lda_mda_50,ela_meta.lin_simple.coef.min,ela_level.mmce_qda_10,pca.expl_var_PC1.cor_init,ela_level.lda_qda_50,disp.ratio_mean_02,disp.diff_mean_10,disp.diff_median_25,ela_distr.number_of_peaks,ela_level.mmce_lda_50,nbc.nn_nb.sd_ratio,pca.expl_var_PC1.cor_x,ela_level.mmce_lda_25,ela_level.mmce_lda_10
30,1,1.0159679765470673,0.6997709232301093,0.5576166889066144,0.9686240752998688,-0.7091399635591878,-0.6457631369514455,-1.0121984373401898,-0.3135266127985206,0.4389448045436638,-0.3241868255163351,-0.1746696772637206,0.9952116696477368,-0.3707621666675044,-0.2960503358908636,0.4955817006425625,0.6583610232319757,-0.4645568972478052,-0.0416682007418254,-0.9227730672075904,0.8942870186968247,-0.6040395160648175,0.4648663794749244,0.5391521323948557,0.6637540594427649,0.3841927244155116,-1.1624233654359577,-0.6843404292973767,1.5646810300428078,-1.0528479195811928,0.7890750757197489
