f_id,i_id,ic.eps.s,ic.eps.ratio,disp.diff_median_25,ela_level.qda_mda_25,ela_meta.lin_simple.intercept,ela_level.mmce_lda_25,ela_meta.lin_w_interact.adj_r2,ic.eps.max,disp.ratio_mean_10,pca.expl_var.cov_init,ela_meta.quad_simple.cond,ela_distr.skewness,disp.diff_mean_25,ela_level.lda_mda_25,nbc.nn_nb.mean_ratio,ela_level.mmce_mda_25,disp.ratio_median_05,ela_meta.lin_simple.coef.max_by_min,ela_meta.quad_simple.adj_r2,ela_level.qda_mda_10,disp.ratio_median_02,ela_level.mmce_mda_50,disp.ratio_mean_05,ela_level.lda_qda_25,ela_level.qda_mda_50,pca.expl_var_PC1.cov_init,ela_meta.lin_simple.coef.max,disp.ratio_mean_02,nbc.nn_nb.cor,nbc.nn_nb.sd_ratio
18,1,1.401693446217323,1.518017591104257,-0.1642369337954993,0.1137987820062249,0.3456749704320983,1.03691699783685,-0.4173537917568563,0.8594742946087864,0.1277190577389324,-0.7091399635591878,2.0001341729034223,-0.246072563669278,-0.1466789059231343,0.3197430505913582,0.4302714313214179,-0.0507395918027461,0.2769264340168826,1.305102919294013,0.6098861397428509,0.0278254872008552,0.4659980610173165,0.1314809969197281,0.275653230273716,0.1395770684678452,-1.428923761717702,0.6997709232301089,0.104699778226597,0.4609031716098167,-0.6983247326459011,-0.3351489938318965
