f_id,i_id,ic.eps.s,disp.ratio_mean_10,ic.eps.ratio,ela_level.mmce_qda_25,nbc.nn_nb.cor,ic.m0,nbc.nb_fitness.cor,ic.eps.max,disp.ratio_mean_05,disp.diff_median_25,ela_meta.lin_w_interact.adj_r2,ela_level.mmce_lda_25,ela_level.mmce_mda_25,disp.ratio_median_02,ela_distr.number_of_peaks,nbc.nn_nb.mean_ratio,ela_level.qda_mda_25,disp.ratio_median_25,ela_meta.lin_simple.adj_r2,ela_meta.lin_simple.intercept,ela_meta.quad_simple.adj_r2,disp.diff_mean_25,ela_level.mmce_mda_50,ela_meta.lin_simple.coef.max,ela_distr.kurtosis,ela_level.lda_mda_10,ela_meta.quad_w_interact.adj_r2,disp.diff_mean_05,ela_level.lda_mda_25,ela_level.lda_mda_50
13,1,-1.2360472210695523,-1.516272611767075,-1.199378031654224,-0.8277734869456536,2.4994461317336056,-0.9242882288537646,0.1200391224683147,-0.3870915889531739,-1.5776467823900164,-1.335201468999693,0.99699298875002,-1.7705198034864835,-0.9494483678293436,-1.6073906011138968,-0.7595059965715167,1.2997204521371586,-0.1406473411790094,-1.3346858898801237,1.9102104060945089,-0.3303101865112998,1.5653358914616555,-1.3567276316536845,-0.5887653278267782,-0.3628131709624064,-0.2000745198555684,1.6978687530455876,0.7145145709831386,-1.5779566235889122,-0.4269473510637007,-0.4096141726338156
