f_id,i_id,ela_level.qda_mda_25,ic.eps.s,ic.eps.ratio,ela_level.mmce_qda_25,ela_meta.lin_simple.intercept,ic.eps.max,disp.diff_mean_25,ela_meta.lin_simple.coef.max_by_min,pca.expl_var.cov_init,disp.ratio_mean_10,ela_meta.lin_w_interact.adj_r2,disp.ratio_median_05,ela_level.lda_qda_50,nbc.nn_nb.mean_ratio,ela_meta.lin_simple.adj_r2,ela_level.mmce_lda_25,ela_level.lda_mda_25,ela_distr.skewness,ela_level.mmce_mda_50,ela_level.mmce_mda_10,ela_distr.kurtosis,ela_meta.quad_simple.adj_r2,pca.expl_var_PC1.cov_init,disp.ratio_median_02,ela_level.lda_mda_10,ela_level.mmce_qda_10,ela_meta.quad_w_interact.adj_r2,ela_level.qda_mda_10,disp.ratio_mean_25,ela_level.qda_mda_50
14,1,-0.846098668250097,-0.8861173381373818,-0.8301112140513348,-0.3702781291527641,-0.330310159773561,-0.3870915741728092,-1.749593949228792,-0.5580226437938358,1.8617765032987292,-1.7472388484716468,0.3767471042962513,-1.6911106597476795,-0.2503470211631678,1.4877487487802172,0.722423072191389,-0.4171500917469528,-0.4091091423932275,-0.3018732788489181,-0.1968571676949979,-0.3850296133823098,-0.1994682312548694,1.192866641171079,-1.619463854074522,-1.6875606163194514,0.9947835129489264,-0.4080523416739951,0.7145145709831386,-0.2423286982093478,-1.7504398867102606,-0.5802784069538354
