f_id,i_id,ic.eps.s,ela_meta.lin_w_interact.adj_r2,ela_meta.quad_simple.adj_r2,pca.expl_var_PC1.cor_x,ela_level.qda_mda_25,pca.expl_var.cov_init,disp.diff_median_25,nbc.nb_fitness.cor,ela_meta.lin_simple.intercept,nbc.nn_nb.sd_ratio,ela_distr.skewness,ela_level.lda_qda_50,ela_meta.lin_simple.coef.min,nbc.dist_ratio.coeff_var,ela_level.lda_mda_25,ela_meta.lin_simple.coef.max_by_min,ela_distr.number_of_peaks,ela_distr.kurtosis,ela_level.mmce_qda_50,nbc.nn_nb.cor,disp.ratio_median_10,disp.diff_median_10,ic.eps.max,ic.eps.ratio,ela_meta.quad_simple.cond,ela_level.mmce_lda_10,ela_level.qda_mda_50,nbc.nn_nb.mean_ratio,ela_meta.lin_simple.coef.max,ela_level.mmce_qda_10
1,1,1.414061612662079,1.237985001937395,0.6636528400862649,1.188558570953628,0.892468767414168,-0.7091399635591878,-0.1239908929302912,0.298862886877459,0.614124175406515,0.3109335314340838,-0.2275113469877522,0.0783430327735292,0.0570652937053208,-0.430212000561224,1.852943015805324,1.5194279091402652,-0.3270546239202776,-0.1973869611872349,-0.7086479570345633,0.3394578415083965,-0.0801833010523797,-0.0807270846209045,0.8018945350630068,1.5051869533256172,0.1878702725892971,0.4808396705457634,0.3811349423679673,0.4734901908914786,0.8974282790251955,-1.6167605225001398
