f_id,i_id,ic.eps.s,ic.eps.ratio,pca.expl_var.cov_init,disp.diff_mean_05,ela_level.qda_mda_25,ela_level.mmce_mda_25,pca.expl_var_PC1.cor_x,ela_distr.kurtosis,ela_meta.lin_w_interact.adj_r2,ela_level.mmce_lda_50,pca.expl_var_PC1.cor_init,ela_meta.lin_simple.coef.max_by_min,ela_distr.number_of_peaks,ela_meta.lin_simple.adj_r2,ela_meta.quad_simple.adj_r2,ic.m0,ela_meta.quad_simple.cond,ela_level.qda_mda_50,ela_distr.skewness,ela_meta.lin_simple.coef.max,ela_level.mmce_mda_10,ela_level.qda_mda_10,ela_meta.lin_simple.coef.min,nbc.nn_nb.sd_ratio,disp.ratio_median_25,ela_level.mmce_lda_25,ela_level.lda_mda_50,disp.ratio_mean_05,disp.diff_mean_25,ela_level.mmce_qda_50
29,1,1.1706315857973282,1.1724764457449697,-0.7091399635591878,1.2192316376778043,-0.3269332456235009,-0.6970311131835728,-0.3482448474577958,-0.1835986325536272,0.8808345272574121,-1.0225250389045186,0.930931039472682,-0.1934600960805715,-0.2320512098779086,0.94675162069219,0.3133834635819012,-0.9453480841273564,-0.5243521305614638,-0.4949636187884405,-0.0699636644853188,-0.234299038551794,-1.482115677000558,0.3724724298715349,-0.1417772842532315,-0.8509112731828029,1.3550125331024323,-1.8640145955909864,-0.4216901248440991,1.2193528803647402,1.3364585521669634,-0.5575770399217957
