f_id,i_id,disp.diff_median_25,ic.eps.ratio,ic.eps.s,ela_level.mmce_qda_25,ela_meta.lin_simple.intercept,ic.eps.max,ela_level.qda_mda_25,pca.expl_var_PC1.cor_init,disp.diff_mean_05,ela_distr.skewness,disp.ratio_mean_25,ela_level.mmce_qda_10,ela_level.mmce_qda_50,ela_level.mmce_mda_50,ela_meta.lin_w_interact.adj_r2,pca.expl_var.cov_init,ela_meta.quad_simple.adj_r2,ela_distr.kurtosis,nbc.dist_ratio.coeff_var,ela_meta.lin_simple.coef.max_by_min,pca.expl_var_PC1.cor_x,pca.expl_var.cor_init,ela_level.qda_mda_50,ela_meta.lin_simple.adj_r2,ela_meta.lin_simple.coef.max,nbc.nn_nb.sd_ratio,ela_meta.lin_simple.coef.min,ic.h.max,ela_meta.quad_simple.cond,ela_meta.quad_w_interact.adj_r2
22,1,-0.3431028824674128,0.3852999625257266,0.6787013954954467,-0.5922227609288894,-0.3299600686794045,-0.3870746026994164,1.757059465114286,0.2476092523319442,0.1153949206864842,0.1763466773653141,-0.337380624501637,0.2389762847032902,-0.3684545848960466,-0.6117703751825426,-0.3339033583079945,-0.7091399635591878,0.2866025751561991,-0.1533702317784285,-0.2222871178643975,3.153668267655328,-1.4220913296972002,0.6708203932499399,0.6896294423021008,0.026146048981693,-0.3612325915502768,-0.240216337131974,-0.2640530008777945,-3.857852162234327,1.430727927466284,0.4795056785191955
