f_id,i_id,ic.eps.s,ic.eps.ratio,ela_meta.lin_w_interact.adj_r2,pca.expl_var.cov_init,disp.ratio_median_10,disp.diff_median_25,ela_distr.number_of_peaks,ela_level.mmce_qda_50,ic.m0,disp.ratio_mean_10,nbc.nn_nb.cor,pca.expl_var_PC1.cov_init,disp.diff_mean_05,nbc.nb_fitness.cor,ela_meta.quad_simple.adj_r2,ela_meta.lin_simple.coef.min,ela_distr.skewness,disp.diff_mean_25,disp.diff_mean_10,ic.eps.max,ela_level.mmce_lda_25,nbc.dist_ratio.coeff_var,ela_level.mmce_qda_10,ic.h.max,ela_level.mmce_qda_25,disp.ratio_mean_05,ela_meta.lin_simple.coef.max_by_min,disp.ratio_median_25,ela_level.mmce_mda_50,ela_meta.lin_simple.adj_r2
9,1,-0.8686535378719265,-0.8122872925534521,0.1744439633386497,1.8617765032987292,-1.3091545234461217,-1.3905408592563706,-0.7595059965715167,-0.1104925854326013,0.3579564007062675,-1.3117177440257244,0.3008664282506903,-1.6390590593694443,-1.2209870474726174,-0.5119983841304256,0.6551595958120097,-0.2643087293723067,-0.2995547239148872,-1.4040752209477632,-1.3113767169152062,-0.387091571422812,-0.0880103410128055,-0.6582509654627502,0.5620189712668275,1.0082702058242494,0.1488090635043636,-1.2209469519905505,-0.7357455766519357,-1.390981070303834,-0.0316011093822474,0.2928616437347479
