f_id,i_id,disp.diff_median_25,ic.eps.ratio,ela_level.mmce_lda_25,ic.eps.s,ela_meta.lin_simple.intercept,pca.expl_var_PC1.cor_init,ela_level.qda_mda_25,ic.eps.max,ela_meta.quad_simple.cond,pca.expl_var.cov_init,ela_meta.quad_simple.adj_r2,disp.ratio_mean_10,ic.m0,ela_meta.lin_simple.coef.max_by_min,ela_meta.lin_w_interact.adj_r2,nbc.nn_nb.cor,ela_level.lda_mda_25,ela_level.mmce_mda_50,ela_level.mmce_mda_25,ela_level.mmce_qda_10,ela_level.lda_mda_50,ela_level.qda_mda_10,ela_meta.quad_w_interact.adj_r2,pca.expl_var.cor_init,nbc.nn_nb.sd_ratio,ela_meta.lin_simple.coef.min,pca.expl_var_PC1.cor_x,ic.h.max,ela_meta.lin_simple.coef.max,nbc.dist_ratio.coeff_var
17,1,0.8413076646334738,1.4222422492024422,1.03691699783685,1.389376139476093,0.0042045862588655,-1.2976761325868382,0.2938396794520356,0.1051847941067654,0.3059783655332917,-0.7091399635591878,-0.999715701757082,0.685930670213276,-0.2853350400062704,-0.4051268780187771,1.0284089604971172,-0.3195558936951587,2.4245721857419262,-1.0913946325515302,-1.0472172459915394,-0.2294402625700094,5.146602894085159,-0.7178339868470356,0.7145145709831386,0.6708203932499399,-0.4622105907001365,-0.0552080562684202,-0.6960669057436463,-0.5773601533005868,-0.2109773254622484,0.2940087843302751
