f_id,i_id,ela_meta.lin_w_interact.adj_r2,pca.expl_var.cov_init,pca.expl_var_PC1.cov_init,ela_level.qda_mda_25,nbc.nb_fitness.cor,ic.eps.s,ic.eps.max,ela_level.lda_mda_10,disp.diff_median_25,ela_distr.number_of_peaks,disp.ratio_median_02,ela_meta.lin_simple.coef.max,ela_distr.skewness,ela_meta.lin_simple.intercept,ela_meta.lin_simple.coef.max_by_min,ic.m0,ela_meta.quad_simple.cond,ela_distr.kurtosis,ela_meta.lin_simple.coef.min,pca.expl_var_PC1.cor_x,ela_level.mmce_qda_10,nbc.nn_nb.mean_ratio,ela_level.mmce_mda_50,ela_level.mmce_mda_25,ela_meta.quad_simple.adj_r2,disp.ratio_mean_25,ela_level.mmce_qda_50,ela_meta.quad_w_interact.adj_r2,ela_level.mmce_qda_25,ela_level.lda_mda_50
19,1,0.4871329064548881,-0.7091399635591878,0.698367874355888,1.0592875240161168,0.5048145075582976,-0.2579534809427486,-0.3870905210561803,0.4209518855039047,-0.2857839044972375,0.8670648319357529,-0.1235440656927768,-0.3628110952948701,-0.1788514988691703,-0.3303094263648448,3.00806947131892,-0.5761213090936765,6.996111683184391,-0.1965389469379132,-0.2643084457070696,0.8990204994884381,-0.8551163074349136,0.3727690299344184,-0.7548082714123521,-1.485433775421637,1.2911036205054338,-0.2838982120561115,-0.498249347025385,0.7095713625150624,-1.1007398864644828,-0.1535586182713254
