f_id,i_id,disp.ratio_mean_10,disp.diff_median_25,ic.eps.ratio,disp.diff_median_05,disp.diff_mean_10,nbc.nn_nb.cor,ic.eps.max,ic.eps.s,disp.ratio_median_25,ela_distr.number_of_peaks,ela_level.mmce_lda_50,ela_meta.lin_w_interact.adj_r2,ela_meta.lin_simple.coef.max_by_min,disp.ratio_mean_05,ic.m0,nbc.nn_nb.mean_ratio,ela_level.mmce_mda_25,nbc.nn_nb.sd_ratio,ela_level.lda_qda_25,ela_level.lda_qda_10,ela_meta.quad_simple.adj_r2,ela_meta.lin_simple.adj_r2,ela_level.lda_mda_10,ela_level.lda_qda_50,pca.expl_var_PC1.cor_init,disp.ratio_median_10,ela_level.qda_mda_50,ic.h.max,disp.ratio_median_02,disp.ratio_median_05
6,1,0.5278761634647395,0.5404785122008021,-1.1932155161449518,0.5079645459858076,0.5278035905291044,-0.5132228809136063,-0.387091588953174,-1.254209945221541,0.5410690244736579,-0.7595059965715167,0.908595607140307,-1.281878032797518,-0.4912613862472893,0.5151083063093808,1.0364619163996085,-0.7824844985969014,1.794565733827017,-0.7317225605959198,-0.984042593358764,-1.202173318926387,-1.0772711899900036,-0.9836220952315065,-0.8196422584444218,-0.5185421662119558,-0.983668069693218,0.5176601813494045,-0.5160849495825742,1.1935179758127432,0.481284902102245,0.5077144600189037
