f_id,i_id,disp.diff_median_25,ic.eps.s,pca.expl_var.cov_init,ic.eps.ratio,ela_meta.lin_simple.coef.max_by_min,ela_meta.lin_simple.intercept,ic.eps.max,ela_level.qda_mda_25,ela_meta.lin_simple.adj_r2,disp.diff_median_02,pca.expl_var_PC1.cor_x,pca.expl_var_PC1.cov_init,ela_distr.skewness,ela_level.mmce_qda_10,nbc.nn_nb.sd_ratio,nbc.dist_ratio.coeff_var,ela_level.lda_qda_25,ela_distr.kurtosis,disp.diff_mean_10,ela_meta.quad_simple.adj_r2,disp.ratio_median_10,ela_level.mmce_lda_50,ic.m0,ela_level.qda_mda_10,ela_meta.lin_w_interact.adj_r2,disp.diff_mean_02,disp.diff_mean_05,disp.ratio_median_25,ela_level.lda_mda_25,ic.h.max
23,1,-0.8923834407057374,-0.3820257298253732,-0.7091399635591878,-0.3613465043029039,-0.2232783525029678,-0.3303096349153961,-0.3870910545904317,0.2073372507527012,0.5823747921180631,-0.5068872398978683,1.5646810300428462,0.6910741941550652,-0.2229406247870189,-0.5981558268078819,1.0077405215432849,-0.8976830449993172,0.0682843365953864,-0.1981453487085006,-0.6143486383678977,1.0681446499339071,-0.6316585361594454,-0.5060120210132542,-0.4602688194591641,-1.2631474254399953,0.2165466746555813,-0.4945527845650599,-0.5261795923749433,-0.8915191147633703,0.1517429388242403,0.2665016764397885
