f_id,i_id,ela_meta.lin_simple.intercept,pca.expl_var.cov_init,ela_meta.lin_simple.coef.max,ic.eps.ratio,ic.eps.s,disp.ratio_median_10,ela_distr.kurtosis,ic.eps.max,disp.diff_median_25,ela_level.mmce_qda_50,ela_distr.skewness,ela_meta.quad_simple.cond,nbc.nb_fitness.cor,ela_meta.lin_w_interact.adj_r2,ela_meta.lin_simple.coef.min,pca.expl_var_PC1.cov_init,pca.expl_var_PC1.cor_x,ela_level.qda_mda_25,ela_meta.lin_simple.coef.max_by_min,ela_meta.quad_simple.adj_r2,ic.m0,ela_distr.number_of_peaks,disp.ratio_mean_10,ela_level.mmce_qda_25,ela_level.lda_mda_25,ela_level.mmce_lda_25,ela_level.qda_mda_10,ela_level.mmce_mda_50,ela_meta.lin_simple.adj_r2,disp.diff_median_05
21,1,0.2574353650468293,-0.7091399635591878,1.29778962106007,1.4572270993322751,1.4202378523178,0.6239488222711033,-0.1958823131296435,0.2773383002113514,0.3805090745142272,-0.7568667134895138,-0.1678333874943988,0.7519237265693632,0.8041277274916169,1.2278069555740347,0.0441500378286899,0.6997709232301093,-0.9802191553634436,-5.122752157075945,2.4606759311106337,0.9725706568989124,-0.565870422061075,0.7692467783642069,0.6236328379496818,-1.2153123348593382,0.1855649478730947,1.1019574656154694,-2.022976252177616,-0.775922805231603,1.4421316858460784,0.7456931437429474
