f_id,i_id,ic.eps.ratio,pca.expl_var.cov_init,ela_level.qda_mda_25,ic.eps.s,nbc.nb_fitness.cor,ela_level.lda_mda_10,ic.eps.max,ela_distr.kurtosis,ela_meta.lin_w_interact.adj_r2,disp.diff_mean_05,ela_meta.lin_simple.coef.max_by_min,ela_distr.number_of_peaks,pca.expl_var_PC1.cov_init,ela_level.mmce_mda_50,pca.expl_var_PC1.cor_x,ela_meta.quad_simple.cond,ela_level.mmce_mda_25,nbc.nn_nb.sd_ratio,ela_meta.lin_simple.coef.max,pca.expl_var_PC1.cor_init,disp.ratio_median_10,nbc.nn_nb.mean_ratio,ela_meta.quad_simple.adj_r2,ela_level.mmce_lda_25,disp.diff_median_05,ela_level.lda_qda_50,ela_meta.lin_simple.adj_r2,ela_meta.lin_simple.intercept,ela_level.mmce_qda_25,ela_distr.skewness
27,1,-0.30927903630782,-0.7091399635591878,0.3932312075638467,-0.2748538454489436,0.5460082745463637,0.5714086365523104,-0.3870908840209889,-0.1863369202450739,0.6056713410351466,-0.0393145421306276,-0.7543609766714439,0.2890227162969065,0.6978066926964932,-0.4288725959484808,2.129357797682275,-0.2608703828642921,-0.7340196606739711,-0.2865955980298272,-0.3628123733578955,0.2343824801578892,0.0332294299015731,0.0781544159884068,-0.131459672691331,-1.5025066349051095,-0.0713534777032423,-0.2418570798114071,0.0431207656137668,-0.3303094195645152,-0.5211951339311931,-0.0829157057679603
