f_id,i_id,ic.eps.s,ic.eps.ratio,disp.diff_median_25,ic.m0,nbc.nb_fitness.cor,ela_level.mmce_qda_25,ela_meta.lin_w_interact.adj_r2,disp.ratio_mean_10,ela_meta.lin_simple.coef.max_by_min,ela_meta.quad_simple.cond,ela_level.mmce_lda_10,ic.eps.max,disp.diff_mean_25,ela_level.mmce_mda_25,nbc.nn_nb.sd_ratio,ela_level.lda_qda_50,ela_level.mmce_qda_50,disp.diff_median_10,ela_level.mmce_qda_10,ela_level.mmce_lda_25,ela_level.lda_qda_10,pca.expl_var_PC1.cov_init,disp.diff_median_02,disp.ratio_median_10,pca.expl_var.cov_init,disp.diff_median_05,ela_level.mmce_mda_50,ela_level.lda_mda_10,disp.ratio_median_25,ela_level.qda_mda_10
16,1,-1.537865771167551,-1.5849910355107346,0.9555902246374952,2.12628309282764,-1.750057520159191,2.0417399493263395,-1.95252501362424,0.8759142973889193,-0.6284479060364573,-0.4550620630547748,0.5602048235638022,-0.3870915898721603,0.9543771662513896,1.8367315430169788,-1.1713472673604686,-0.6606486317941402,2.5139941615072225,0.8691029234774142,1.7653737581329698,1.03691699783685,-1.1928881387876973,-1.811092322622485,0.7854644468545066,0.8690263872729022,1.5470030867191007,0.8374135498619167,2.3904302821123653,-0.8196422584444218,0.9558320454302528,1.513004269365815
