f_id,i_id,ic.eps.ratio,ic.eps.s,ic.eps.max,ela_meta.lin_simple.intercept,pca.expl_var.cov_init,disp.ratio_mean_10,disp.diff_median_25,nbc.nb_fitness.cor,ela_level.qda_mda_25,disp.diff_median_05,disp.ratio_median_25,nbc.nn_nb.mean_ratio,ela_meta.lin_simple.coef.max_by_min,ela_level.qda_mda_50,ela_meta.quad_simple.adj_r2,nbc.nn_nb.cor,disp.diff_median_10,ela_distr.skewness,disp.diff_mean_25,ela_level.lda_qda_10,pca.expl_var_PC1.cor_init,ela_level.mmce_mda_10,pca.expl_var.cor_init,ela_level.mmce_mda_50,ela_meta.lin_simple.adj_r2,ic.m0,ela_level.lda_mda_10,disp.ratio_median_02,ela_meta.quad_simple.cond,ela_distr.number_of_peaks
12,1,-1.03428050240112,-1.0921724127192096,-0.3870915867114041,-0.330310196156248,1.5470030867191007,1.368550400777584,1.490203493580626,-1.5788340755140025,0.8205659952243416,1.3134071671613663,1.489326340013374,-2.044540767734396,-0.5804851515153592,-0.2199955501361875,-1.6650409705729778,-1.885845585656395,1.3724491016629612,-0.3011853391319168,1.474605791503116,-1.1928881387876966,-1.4542982946041283,0.701732706363245,0.6708203932499399,2.3890758035306705,-1.321663139122068,2.2650224047080605,-0.8196422584444218,1.3030591010671428,-0.4911180702210115,-0.7595059965715167
