f_id,i_id,pca.expl_var_PC1.cov_init,disp.diff_median_25,ela_meta.lin_simple.intercept,disp.ratio_mean_10,ic.eps.s,pca.expl_var.cov_init,disp.diff_mean_10,disp.diff_median_05,ic.eps.ratio,ela_meta.lin_w_interact.adj_r2,ela_level.mmce_qda_25,pca.expl_var_PC1.cor_x,nbc.nn_nb.cor,ela_meta.lin_simple.adj_r2,disp.diff_mean_25,ela_meta.lin_simple.coef.min,disp.diff_mean_05,ic.eps.max,disp.diff_median_10,disp.ratio_mean_05,disp.ratio_median_02,nbc.nb_fitness.cor,ela_level.mmce_mda_25,ela_level.mmce_lda_50,ela_level.mmce_qda_10,ela_level.mmce_lda_10,ela_meta.lin_simple.coef.max_by_min,ela_meta.quad_simple.cond,disp.ratio_median_10,ic.m0
4,1,0.6997709232301093,-0.8914111304401748,-0.3303061272222416,-0.979229829621864,-0.0837800931389884,-0.7091399635591878,-0.9791581518465178,-1.033951331652665,-0.0787072516008576,0.3460011484045665,-0.7523593292051916,-0.073173494877952,0.8399600809591882,0.4556394724717673,-0.8702160095248574,-0.2643006563844568,-1.016177436248027,-0.3870864660082544,-0.9856247001469968,-1.016222805999087,-1.1082592804578948,0.0646083795376246,-0.8429942910388065,-0.5089491822410835,-1.0831888694110698,-1.3948777021147432,-0.5024876223637342,-0.41481403149054,-0.9853135703226632,-0.7479381114601855
