f_id,i_id,ic.eps.s,ic.eps.ratio,pca.expl_var_PC1.cov_init,disp.diff_median_25,disp.diff_mean_05,disp.ratio_median_10,ic.m0,ic.eps.max,pca.expl_var.cov_init,ela_level.qda_mda_25,disp.ratio_mean_10,ela_meta.lin_simple.coef.min,pca.expl_var_PC1.cor_init,disp.ratio_median_02,ela_level.mmce_mda_25,ela_level.mmce_qda_10,disp.diff_mean_10,ela_meta.lin_simple.adj_r2,ela_distr.kurtosis,nbc.nn_nb.mean_ratio,disp.diff_median_02,ela_level.lda_mda_25,ela_meta.lin_simple.coef.max,pca.expl_var_PC1.cor_x,nbc.nb_fitness.cor,ela_level.lda_mda_50,ela_level.lda_qda_50,ela_level.qda_mda_50,ela_meta.quad_simple.adj_r2,ela_level.lda_mda_10
24,1,-0.5407734907192381,-0.7411492131222048,0.5372913959583397,-1.267142128275984,-1.213563641223483,-1.3298473292870654,-0.6675165683033386,-0.3870915696335733,-0.7091399635591878,-1.3163440325021245,-1.2669005677438478,-0.2643086398442603,0.8737263315275032,-1.1680844464832407,0.3247014709433771,0.4757795450062532,-1.2665175903769408,0.7977239239526568,-0.1849390706514483,0.8941075486450949,-1.1673865315680851,-0.5595058255166254,-0.3628130899504982,2.045289959374601,1.169715989413872,-0.4641557364228634,-0.4980422009170683,-0.5538590658143239,0.2324713071147729,-0.1920305653463958
