f_id,i_id,ela_meta.lin_simple.intercept,pca.expl_var.cov_init,ic.eps.ratio,ic.eps.s,ela_meta.lin_w_interact.adj_r2,ela_meta.lin_simple.coef.max_by_min,disp.ratio_median_10,ela_level.qda_mda_25,ela_level.mmce_qda_10,ela_meta.quad_simple.cond,disp.diff_mean_05,ela_meta.quad_simple.adj_r2,disp.ratio_mean_25,ela_distr.number_of_peaks,disp.diff_median_10,disp.ratio_median_02,ela_distr.skewness,ic.m0,disp.ratio_median_25,nbc.nb_fitness.cor,ela_meta.lin_simple.coef.min,ic.h.max,pca.expl_var_PC1.cov_init,ela_level.lda_qda_25,disp.diff_median_02,disp.diff_median_25,ic.eps.max,ela_level.mmce_lda_50,ela_level.mmce_mda_25,disp.ratio_mean_05
28,1,-0.3303093170033695,-0.7091399635591878,-0.3555630917899406,-0.3368456185959243,-1.3867655974324395,-0.7454049085588664,1.2869441846618452,-0.5281957259868801,0.0285301590441255,-0.5543500508611181,1.3445150667518446,-1.2905933991610032,0.9832570419942404,-0.4223531129588882,1.2868570571415303,1.5267430870063208,30.357624014630527,-0.608051773596167,1.0141974647773164,1.999478576621435,-0.2643037522906144,0.2690651433508105,0.6993499943478496,-0.5560721315444462,1.5267026731775868,1.0136827906121524,-0.3870910028904853,-1.2919434099298377,-0.3508476742017636,1.3444952928844471
