f_id,i_id,true,predicted
4,1,0.9980249683554888,0.8157387048400494
4,2,0.9757601368911124,0.521126972221276
4,3,0.9980249683770424,0.7648813730488679
4,4,0.95229188871074,0.7033072143520043
4,5,0.9980249683545674,0.8157387048400494
