f_id,i_id,true,predicted
13,1,0.8860598101633312,0.7357730532427438
13,2,0.8058394069905717,0.4640795103278107
13,3,0.8185956460751938,0.7824016831308098
13,4,0.8326104436786558,0.74468191055032
13,5,0.9240197982944868,0.8677904784750743
