f_id,i_id,true,predicted
15,1,1.6644648895010823,0.7671788070915964
15,2,1.6288634963401836,0.6474824604803353
15,3,1.6078125764843023,0.5517678983968262
15,4,1.5909003925304182,0.7255249166928348
15,5,1.6112739402028022,0.7712016023418873
