f_id,i_id,true,predicted
8,1,0.8661460477250377,0.8891050334947962
8,2,0.8709808915991545,0.8060638844119582
8,3,0.8690669765323842,0.8317337770690767
8,4,0.8458185588551986,0.9626523520994666
8,5,0.7276776573289306,0.8217540539985001
