f_id,i_id,true,predicted
22,1,0.4705573161324236,0.6397245831745948
22,2,0.4705573161570435,0.48748205952398377
22,3,0.7826718365792472,0.48607878760634937
22,4,0.4753494781153064,0.48748205952398377
22,5,0.9280916676362416,0.4832806959936093
