f_id,i_id,true,predicted
21,1,0.4772477924017582,0.7515832655405427
21,2,0.4547433923695821,0.7515832655405427
21,3,0.4476260985842761,0.9998395359263327
21,4,0.4819530380028929,1.0520719832057952
21,5,0.4859196264391481,1.025986227838924
