f_id,i_id,true,predicted
11,1,1.9567095917670871,2.5710047776241405
11,2,1.8877947939030573,2.0775431153399473
11,3,1.9771134265632515,2.218162188020466
11,4,2.060926487413909,2.3229341489425885
11,5,2.035658554230252,2.245775791345307
