f_id,i_id,true,predicted
24,1,1.717522661603349,0.7085875494086095
24,2,1.6927456209495122,0.7085875494086095
24,3,1.7210745738041044,0.7085875494086095
24,4,1.722034625139347,0.7277245831673727
24,5,1.7139713873986782,0.7085875494086095
