f_id,i_id,true,predicted
9,1,0.955720938039271,0.7706031438406621
9,2,0.9829779780688452,0.8565298271371174
9,3,0.9561858712222032,0.8010200147183324
9,4,0.9314169292578116,0.857713695638014
9,5,0.913738732796299,0.8566176170437849
