f_id,i_id,true,predicted
12,1,0.6243826979182089,2.83385282077147
12,2,0.5088602078519195,2.8735788323672926
12,3,0.4968546294187015,2.8320101929025245
12,4,0.7438539651120188,2.843065202541651
12,5,1.1596974634039172,2.8629527186494097
