f_id,i_id,true,predicted
14,1,0.0005661202730624,0.2246199380789191
14,2,0.0006456406040488,0.5283613390614885
14,3,0.0005480353599086,0.6177669508144195
14,4,0.0005350411409828,0.38048786998721296
14,5,0.0007961619225647,0.2939629264167683
