f_id,i_id,true,predicted
18,1,0.2693700130498064,0.2836941716219867
18,2,0.3389455264032417,0.5042905362210612
18,3,0.2510531977208307,0.36804889386960427
18,4,0.29021595987092,0.3664786840752605
18,5,0.3668385156560242,0.36122002504743367
