f_id,i_id,true,predicted
1,1,5.5464875381679295e-09,0.9995219915286303
1,2,5.9154469366221475e-09,0.9443335296098821
1,3,5.604998299315346e-09,0.9099317126435402
1,4,5.107312757275018e-09,0.9622663072353809
1,5,5.7915802324058395e-09,0.9495194903765021
