f_id,i_id,true,predicted
3,1,0.7763226627198915,0.8378512708111583
3,2,0.8110567795299243,0.409460828897279
3,3,0.7385675773937901,0.3523746398625464
3,4,0.776323028907528,0.6930649870186064
3,5,0.8110569485508499,0.9400885990428961
