f_id,i_id,true,predicted
10,1,4.067733461302073,0.3590407137759183
10,2,3.927460834363884,0.40609644481001955
10,3,3.904485481625008,0.7075189883296483
10,4,4.052314119509936,0.14756986230526187
10,5,3.991577360634549,0.7075189883296483
