f_id,i_id,true,predicted
7,1,0.5506366626590655,0.6954214762235655
7,2,0.4963892770902541,0.17136635069078318
7,3,0.4904560692275209,0.2741745470353728
7,4,0.306199430921185,0.22103158325477815
7,5,0.2807019781211762,0.15276639184210272
