f_id,i_id,true,predicted
17,1,0.0713542469042586,0.3045886818047465
17,2,0.0447356665110653,0.613346042942722
17,3,0.0574389512723294,0.21738941983418514
17,4,0.0926165205592905,0.3656684948655605
17,5,0.0456797744044007,0.49727281108700466
