f_id,i_id,true,predicted
19,1,0.6295243595456306,0.9248187652566097
19,2,0.6448650814804283,0.9248187652566097
19,3,0.6244381355498505,0.9248187652566097
19,4,0.6205709845751651,0.9248187652566097
19,5,0.6223267827085126,0.9248187652566097
