f_id,i_id,true,predicted
2,1,5.6096702729649825e-09,2.023294025315967
2,2,6.061811786015358e-09,1.8840230162277034
2,3,6.0919049742465286e-09,1.7790735581829509
2,4,6.345231481696831e-09,1.8107323167327596
2,5,5.5501874697443325e-09,1.7790735581829509
