f_id,i_id,true,predicted
6,1,0.1643793435747352,0.3418556311124097
6,2,0.1527709427088042,0.513253043719157
6,3,0.4383141472269712,1.0804585561838045
6,4,0.3708168004971982,0.3119510669049242
6,5,0.257255754349509,0.3418556311124097
