f_id,i_id,true,predicted
5,1,0.0033014643340167,1.6251163659102685
5,2,0.0036858746512028,1.5222429164517333
5,3,0.004423318716268,1.5324447618190926
5,4,0.0017466175867438,1.5638629050918185
5,5,0.0059896113493453,1.624182378121921
