f_id,i_id,ic.eps.max,pca.expl_var_PC1.cov_init,ela_meta.lin_simple.coef.min,ic.eps.ratio,disp.diff_median_05,pca.expl_var_PC1.cor_x,ela_meta.lin_w_interact.adj_r2,ela_meta.quad_simple.adj_r2,disp.ratio_median_10,disp.ratio_mean_10
16,1,-0.3870915898721603,-1.811092322622485,-0.2643087956376582,-1.5849910355107346,0.8374135498619167,-2.40175980991061,-1.95252501362424,-1.6655781782784365,0.8690263872729022,0.8759142973889193
