f_id,i_id,disp.diff_median_25,ic.eps.ratio,ic.eps.s,disp.diff_mean_10,ela_meta.lin_w_interact.adj_r2,disp.diff_median_05,nbc.nn_nb.sd_ratio,pca.expl_var_PC1.cov_init,ic.eps.max,disp.ratio_mean_10
2,1,-1.648573091927689,1.7070042228230262,1.59552895484075,-1.7177286343478964,0.4611918995542994,-1.689928587637547,1.9107592065521344,0.6997709232301093,9.708898038767956,-1.7175306586551466
