f_id,i_id,ic.eps.s,ic.eps.ratio,pca.expl_var.cov_init,disp.diff_median_25,disp.diff_mean_02,ela_meta.lin_simple.coef.min,ela_level.qda_mda_25,ic.eps.max,ela_level.lda_mda_50,ela_level.mmce_lda_25
29,1,1.1706315857973282,1.1724764457449697,-0.7091399635591878,1.3558551273856898,1.0606949899614346,-0.1417772842532315,-0.3269332456235009,-0.301355926616616,-0.4216901248440991,-1.8640145955909864
