f_id,i_id,ic.eps.ratio,pca.expl_var_PC1.cov_init,ic.eps.max,ela_meta.lin_simple.intercept,ela_meta.lin_simple.coef.min,nbc.nb_fitness.cor,ela_meta.lin_w_interact.adj_r2,ic.eps.s,disp.diff_median_25,ela_meta.lin_simple.coef.max
9,1,-0.8122872925534521,-1.6390590593694443,-0.387091571422812,-0.3303102014254781,-0.2643087293723067,-0.5119983841304256,0.1744439633386497,-0.8686535378719265,-1.3905408592563706,-0.3628131634186661
