f_id,i_id,true,predicted
27,1,2.69558998618434,2.237860330229518
