f_id,i_id,true,predicted
4,1,2.0821210665527543,1.9604788914925992
