f_id,i_id,true,predicted
19,1,0.7391424296150882,2.976925962815194
