f_id,i_id,true,predicted
24,1,2.6831335275485904,1.6440250515574863
