f_id,i_id,true,predicted
17,1,3.948514888644876,3.014912449183835
