f_id,i_id,true,predicted
21,1,3.323850120007903,3.548224440693957
