f_id,i_id,true,predicted
26,1,2.3280745817665696,2.0210833511388837
