f_id,i_id,true,predicted
25,1,2.268417573024092,2.057961597184108
