f_id,i_id,true,predicted
7,1,1.0596847893579782,1.7614567906659535
