f_id,i_id,true,predicted
20,1,2.5057193415174166,4.2701357940852285
