f_id,i_id,true,predicted
12,1,0.1554270408174687,0.9164840080041902
