f_id,i_id,true,predicted
14,1,0.2355194958297531,3.8988336079772763
