f_id,i_id,true,predicted
23,1,2.468420674123774,1.9808105848013149
