f_id,i_id,true,predicted
22,1,2.222953319654991,2.391589571535442
