f_id,i_id,true,predicted
18,1,2.620507497162952,2.9409588474366513
