f_id,i_id,true,predicted
30,1,3.1564155660125954,2.965718329679778
