f_id,i_id,true,predicted
9,1,1.4026959823662015,1.0743707836775396
