f_id,i_id,true,predicted
29,1,2.993961339720404,3.115486129160112
