f_id,i_id,true,predicted
20,1,0.434555200071847,1.8976641594644241
20,2,0.4347946820056711,1.7847278081904798
20,3,0.4460672186216036,1.8622249712274053
20,4,0.471756396386576,1.9431918642488932
20,5,0.4226460869702329,1.7739146738346623
