f_id,i_id,true,predicted
21,1,0.7932551300618305,0.9786320682984183
21,2,0.9317066184410872,0.9786320682984183
21,3,0.5351117090222421,0.9786320682984183
21,4,0.8690506757467145,0.9979636515440594
21,5,0.9869408019913892,0.9786320682984183
