f_id,i_id,true,predicted
10,1,3.9627923489437338,3.996651780705053
10,2,3.925222295260156,3.9950409675377663
10,3,3.9246302342440806,3.0779834275138893
10,4,3.9941739066567936,4.130673500496748
10,5,3.813652916666384,2.686446459681224
