f_id,i_id,true,predicted
8,1,2.0619046628743263,1.7848172797147364
8,2,2.169655039357204,1.7848172797147364
8,3,2.3711469438082005,1.7537417871300314
8,4,2.514100067836386,1.7848172797147364
8,5,2.4586828973694086,1.7848172797147364
