f_id,i_id,true,predicted
19,1,0.6087990409765113,0.5007865088940765
19,2,0.6150204120128571,0.4514398083897138
19,3,0.5881078886471419,0.473750185351477
19,4,0.6193346485215365,0.5008237251374732
19,5,0.6182661202560122,0.486386209515812
