f_id,i_id,true,predicted
13,1,2.2617918805286723,1.5522065794177005
13,2,2.4842358223279875,1.5513867614432288
13,3,2.383999704905788,1.490882271907274
13,4,2.317258266550036,1.501662716325703
13,5,2.3096756298077903,1.538965835431958
