f_id,i_id,true,predicted
1,1,0.2293860661076884,0.6486355735817337
1,2,0.4013740808360788,0.7428488054667716
1,3,0.4855942498448432,0.6844525770024376
1,4,0.3287019614255028,0.7364667005499417
1,5,0.4010220027723363,0.6844030081060262
