f_id,i_id,true,predicted
22,1,0.9924663872937376,0.764398537638673
22,2,1.0355940320893413,0.781424867176793
22,3,1.0021223286643517,0.788362827292342
22,4,1.0172528752058174,0.764398537638673
22,5,1.002700770518086,0.764398537638673
