f_id,i_id,true,predicted
3,1,1.593057184047613,1.9451261747244906
3,2,1.6492745024059907,1.8328922774453915
3,3,1.6392409520720872,1.7717380615549165
3,4,1.618179962567934,1.7001959397548014
3,5,1.6523173662317867,2.0558435518424183
