f_id,i_id,true,predicted
17,1,0.4656720217485686,0.6613185449631229
17,2,0.4224987604964458,0.6574237407984427
17,3,0.4437234585724304,0.521566135800804
17,4,0.5002396619487102,0.6633621920730264
17,5,0.396804379721481,0.6840470182837493
