f_id,i_id,true,predicted
6,1,1.6493394414929283,2.0155588112474625
6,2,1.6061982064729066,1.8457544392652594
6,3,1.9266730135246604,2.0394453060597657
6,4,1.6933957841988074,2.072086957869902
6,5,1.7004953038873554,1.76126162444188
