f_id,i_id,true,predicted
5,1,1.096808355504918,0.48595774497196753
5,2,0.993479369574794,0.5188558503642153
5,3,0.8940948122593625,0.4907389242740706
5,4,0.8910809710252879,0.5188558503642153
5,5,1.0504562462973257,0.4907389242740706
