f_id,i_id,true,predicted
11,1,1.745279429070415,3.6934356532693426
11,2,1.632252233145024,2.976558325092035
11,3,1.71869949659148,3.8336140935428085
11,4,1.855124145149156,3.866978435219502
11,5,1.777731707826615,3.6934356532693426
