f_id,i_id,true,predicted
2,1,3.516764059948984,3.0783074837160846
2,2,3.686548934369819,3.2972923075361367
2,3,3.79322252316644,3.607690362338902
2,4,3.651295769900864,3.392582929170981
2,5,3.8886643340601,3.626936716411544
