f_id,i_id,true,predicted
16,1,0.5714358702157436,0.5741175564034685
16,2,0.4713467559448878,0.5526882332731681
16,3,0.5658794097695349,0.5500211614214298
16,4,0.557476133898008,0.5814276742026818
16,5,0.5260500219953667,0.5496722572294904
