f_id,i_id,true,predicted
15,1,1.6390175511900709,1.9865029406436658
15,2,1.5955675764626995,1.50653075645634
15,3,1.7402769275152392,1.468226170386569
15,4,1.6468039454165608,1.88745550666906
15,5,1.6484166433936511,2.075523920185383
