f_id,i_id,true,predicted
14,1,0.3792739889315858,1.304909630314217
14,2,0.5716061760417699,1.304909630314217
14,3,0.5014882228960377,0.5293361070922064
14,4,0.5473991138992629,0.5293361070922064
14,5,0.4224669595579789,1.304909630314217
