f_id,i_id,true,predicted
18,1,0.8447616370817819,1.6980105580293525
18,2,0.7510377042431265,0.5108938111773015
18,3,0.9385697317601146,0.5133348920166523
18,4,0.8686746740526373,0.5232785994185583
18,5,0.7777547252383062,0.5121523223349633
