f_id,i_id,true,predicted
23,1,0.4772458176606869,0.5968472838999289
23,2,0.4678383210725465,0.6051042781983753
23,3,0.4659948886093073,0.5955643360637699
23,4,0.4547697782277007,0.6066544053254694
23,5,0.4796852438756417,0.5981917179345037
