f_id,i_id,true,predicted
4,1,1.803460792631541,1.6334881168158992
4,2,1.8459531854337832,1.550638875844212
4,3,1.746316474230038,1.6045920568381375
4,4,1.9194974592217768,1.6130271637929385
4,5,1.8110695354247688,1.6865780551816238
