f_id,i_id,disp.diff_mean_02,disp.diff_mean_05,disp.diff_mean_10,disp.diff_mean_25,disp.diff_median_02,disp.diff_median_05,disp.diff_median_10,disp.diff_median_25,disp.ratio_mean_02,disp.ratio_mean_05,disp.ratio_mean_10,disp.ratio_mean_25,disp.ratio_median_02,disp.ratio_median_05,disp.ratio_median_10,disp.ratio_median_25,ela_distr.kurtosis,ela_distr.number_of_peaks,ela_distr.skewness,ela_level.lda_mda_10,ela_level.lda_mda_25,ela_level.lda_mda_50,ela_level.lda_qda_10,ela_level.lda_qda_25,ela_level.lda_qda_50,ela_level.mmce_lda_10,ela_level.mmce_lda_25,ela_level.mmce_lda_50,ela_level.mmce_mda_10,ela_level.mmce_mda_25,ela_level.mmce_mda_50,ela_level.mmce_qda_10,ela_level.mmce_qda_25,ela_level.mmce_qda_50,ela_level.qda_mda_10,ela_level.qda_mda_25,ela_level.qda_mda_50,ela_meta.lin_simple.adj_r2,ela_meta.lin_simple.coef.max,ela_meta.lin_simple.coef.max_by_min,ela_meta.lin_simple.coef.min,ela_meta.lin_simple.intercept,ela_meta.lin_w_interact.adj_r2,ela_meta.quad_simple.adj_r2,ela_meta.quad_simple.cond,ela_meta.quad_w_interact.adj_r2,ic.eps.max,ic.eps.ratio,ic.eps.s,ic.h.max,ic.m0,nbc.dist_ratio.coeff_var,nbc.nb_fitness.cor,nbc.nn_nb.cor,nbc.nn_nb.mean_ratio,nbc.nn_nb.sd_ratio,pca.expl_var.cor_init,pca.expl_var.cov_init,pca.expl_var_PC1.cor_init,pca.expl_var_PC1.cor_x,pca.expl_var_PC1.cov_init
24,1,-0.03511579779838042,-0.0023131863485949195,-0.0012929460267507367,-0.008572349260644263,-0.07110980910368558,0.0018849326205589208,0.03315957661820902,-0.1475721961322257,0.0,-0.012180054275974421,-0.007090415505542524,-0.00474599697376283,0.04512986118076641,6.861934746358678e-05,-0.09127089793521839,-0.010802434417571075,-0.0036701856593096575,0.000890202424912348,-0.012339542276186275,-0.00023546058016223927,-0.0034841841361574898,-0.001438231863643791,0.0,-0.002778663203755607,0.0,0.0,0.021116110794595522,0.0019442392383753736,0.0,0.028720378504050872,-0.013539087685364964,0.0033632870767247164,0.003365979930522265,0.003097682544053619,0.0003776746130058433,-0.0014361919350822988,0.0,-0.04017160742433855,-0.03835823021418228,0.035699598926963054,-0.22919791174933815,0.05396414450875954,-0.0062675755793966115,0.04504179553408019,-0.004485650402386179,0.03707622776709282,-0.1154521903798912,-0.19750854703102158,-0.03138498784617909,-0.009807754124024837,0.0012920504503844028,-0.0343346814533866,0.012195116346014218,0.016157577215529094,-0.010544039175190506,0.08210341277060845,0.0,0.13615673993149024,-0.0014527087744848274,0.5523396263131296,0.09691464244016185
