f_id,i_id,disp.diff_mean_02,disp.diff_mean_05,disp.diff_mean_10,disp.diff_mean_25,disp.diff_median_02,disp.diff_median_05,disp.diff_median_10,disp.diff_median_25,disp.ratio_mean_02,disp.ratio_mean_05,disp.ratio_mean_10,disp.ratio_mean_25,disp.ratio_median_02,disp.ratio_median_05,disp.ratio_median_10,disp.ratio_median_25,ela_distr.kurtosis,ela_distr.number_of_peaks,ela_distr.skewness,ela_level.lda_mda_10,ela_level.lda_mda_25,ela_level.lda_mda_50,ela_level.lda_qda_10,ela_level.lda_qda_25,ela_level.lda_qda_50,ela_level.mmce_lda_10,ela_level.mmce_lda_25,ela_level.mmce_lda_50,ela_level.mmce_mda_10,ela_level.mmce_mda_25,ela_level.mmce_mda_50,ela_level.mmce_qda_10,ela_level.mmce_qda_25,ela_level.mmce_qda_50,ela_level.qda_mda_10,ela_level.qda_mda_25,ela_level.qda_mda_50,ela_meta.lin_simple.adj_r2,ela_meta.lin_simple.coef.max,ela_meta.lin_simple.coef.max_by_min,ela_meta.lin_simple.coef.min,ela_meta.lin_simple.intercept,ela_meta.lin_w_interact.adj_r2,ela_meta.quad_simple.adj_r2,ela_meta.quad_simple.cond,ela_meta.quad_w_interact.adj_r2,ic.eps.max,ic.eps.ratio,ic.eps.s,ic.h.max,ic.m0,nbc.dist_ratio.coeff_var,nbc.nb_fitness.cor,nbc.nn_nb.cor,nbc.nn_nb.mean_ratio,nbc.nn_nb.sd_ratio,pca.expl_var.cor_init,pca.expl_var.cov_init,pca.expl_var_PC1.cor_init,pca.expl_var_PC1.cor_x,pca.expl_var_PC1.cov_init
25,1,-0.04724549231605983,0.0,0.0038319477942375577,0.0,-0.055692459540925957,0.0,0.033320503662515294,-0.0007704152014310654,0.0,0.004093499176077369,0.0016483362666372394,0.02549333452788781,0.01265587608305762,-0.0005048662888768752,0.03871590627651622,0.03217377381398843,-0.00608868890443128,0.000890202424912348,-0.03184508432443798,0.0724999348467454,-0.033583610822836646,-0.0011604680642940597,-0.0027662870614601318,0.0,-0.031242569186845787,-0.0017557703998371463,-0.006886104720387082,0.0,-0.00539696534643086,0.012653085665333755,-0.05654481589214555,0.002022668342470291,0.019737187346389278,0.004631874131004167,0.0025450937324207855,-0.0013003644634524579,-0.004372758887837856,-0.005148780284493641,-0.027335943134854178,0.02670275539881442,-0.15968127738935656,0.07263083156791396,-0.014134818464653054,0.07405361243447539,-0.023023183772539795,-0.06142231926820222,-0.09919468834655358,-0.18690715979695985,0.04927295510776741,-0.018190343214668114,0.0,-0.0568403976993007,0.0001340331802242474,-0.0008405353566645068,0.0017309387189013243,0.017849090453202956,0.0,-0.2544503052459691,-0.0010654781845977762,-0.03041746393281836,0.052199345823969345
