f_id,i_id,disp.diff_mean_02,disp.diff_mean_05,disp.diff_mean_10,disp.diff_mean_25,disp.diff_median_02,disp.diff_median_05,disp.diff_median_10,disp.diff_median_25,disp.ratio_mean_02,disp.ratio_mean_05,disp.ratio_mean_10,disp.ratio_mean_25,disp.ratio_median_02,disp.ratio_median_05,disp.ratio_median_10,disp.ratio_median_25,ela_distr.kurtosis,ela_distr.number_of_peaks,ela_distr.skewness,ela_level.lda_mda_10,ela_level.lda_mda_25,ela_level.lda_mda_50,ela_level.lda_qda_10,ela_level.lda_qda_25,ela_level.lda_qda_50,ela_level.mmce_lda_10,ela_level.mmce_lda_25,ela_level.mmce_lda_50,ela_level.mmce_mda_10,ela_level.mmce_mda_25,ela_level.mmce_mda_50,ela_level.mmce_qda_10,ela_level.mmce_qda_25,ela_level.mmce_qda_50,ela_level.qda_mda_10,ela_level.qda_mda_25,ela_level.qda_mda_50,ela_meta.lin_simple.adj_r2,ela_meta.lin_simple.coef.max,ela_meta.lin_simple.coef.max_by_min,ela_meta.lin_simple.coef.min,ela_meta.lin_simple.intercept,ela_meta.lin_w_interact.adj_r2,ela_meta.quad_simple.adj_r2,ela_meta.quad_simple.cond,ela_meta.quad_w_interact.adj_r2,ic.eps.max,ic.eps.ratio,ic.eps.s,ic.h.max,ic.m0,nbc.dist_ratio.coeff_var,nbc.nb_fitness.cor,nbc.nn_nb.cor,nbc.nn_nb.mean_ratio,nbc.nn_nb.sd_ratio,pca.expl_var.cor_init,pca.expl_var.cov_init,pca.expl_var_PC1.cor_init,pca.expl_var_PC1.cor_x,pca.expl_var_PC1.cov_init
22,1,-0.008430231460405,0.0,-0.001752769009647822,-0.015419873529999583,0.0017364565951032756,0.0025443495877102906,0.03917221105743915,-0.10326752875902653,0.0,0.02276785848569051,0.0006449439685582358,0.0008753703013530557,0.01861999025089014,-0.001734671234925109,0.03083511928563328,0.02382479198830687,0.11611596236814205,-0.057937178521076244,-0.016082154176583596,-0.0004293603959263006,-0.009308803706445276,0.048282502500020814,0.0,0.0,0.005017088523255973,-0.011598267261035498,-0.006088214882302,0.007511996377085231,0.011383615596899413,-0.084038086911017,0.04399939307234291,0.0027913538030259442,0.012261780299368977,-0.04417422104723533,0.0,0.0001790171761471386,0.0,0.041731371058450956,-0.017222162662598794,-0.038057381181983936,-0.16473891666700982,0.034155323756902084,0.013106623009857227,0.0,-0.011839046061015698,0.05762083271577153,-0.11818142260513678,-0.04506345502998462,0.04242142907093796,-0.0029023408117235666,-0.006008504592527476,-0.028918717301089567,0.008033677648146314,-0.022456770104344603,0.0,-0.026305235282761446,0.0,0.10366401022867866,0.004344628209269563,-0.04109865791043807,0.026500695609092198
