f_id,i_id,disp.diff_mean_02,disp.diff_mean_05,disp.diff_mean_10,disp.diff_mean_25,disp.diff_median_02,disp.diff_median_05,disp.diff_median_10,disp.diff_median_25,disp.ratio_mean_02,disp.ratio_mean_05,disp.ratio_mean_10,disp.ratio_mean_25,disp.ratio_median_02,disp.ratio_median_05,disp.ratio_median_10,disp.ratio_median_25,ela_distr.kurtosis,ela_distr.number_of_peaks,ela_distr.skewness,ela_level.lda_mda_10,ela_level.lda_mda_25,ela_level.lda_mda_50,ela_level.lda_qda_10,ela_level.lda_qda_25,ela_level.lda_qda_50,ela_level.mmce_lda_10,ela_level.mmce_lda_25,ela_level.mmce_lda_50,ela_level.mmce_mda_10,ela_level.mmce_mda_25,ela_level.mmce_mda_50,ela_level.mmce_qda_10,ela_level.mmce_qda_25,ela_level.mmce_qda_50,ela_level.qda_mda_10,ela_level.qda_mda_25,ela_level.qda_mda_50,ela_meta.lin_simple.adj_r2,ela_meta.lin_simple.coef.max,ela_meta.lin_simple.coef.max_by_min,ela_meta.lin_simple.coef.min,ela_meta.lin_simple.intercept,ela_meta.lin_w_interact.adj_r2,ela_meta.quad_simple.adj_r2,ela_meta.quad_simple.cond,ela_meta.quad_w_interact.adj_r2,ic.eps.max,ic.eps.ratio,ic.eps.s,ic.h.max,ic.m0,nbc.dist_ratio.coeff_var,nbc.nb_fitness.cor,nbc.nn_nb.cor,nbc.nn_nb.mean_ratio,nbc.nn_nb.sd_ratio,pca.expl_var.cor_init,pca.expl_var.cov_init,pca.expl_var_PC1.cor_init,pca.expl_var_PC1.cor_x,pca.expl_var_PC1.cov_init
26,1,-0.010221014844276285,0.001542124232396613,-0.0005395103384737458,0.0,-0.04994311827794047,0.0,0.0004479171903176277,-0.0007704152014310654,0.0,-0.012180054275974421,0.0006449439685582358,0.017435439942439214,0.03139958085751548,0.030405720116099186,0.04411863512102783,0.024355555088638774,0.06681155567187483,-0.001494435311605721,0.057925603056758264,-0.05767067820718267,-0.0108397386107937,-0.0035803543306191484,-0.0027662870614601318,0.0,-0.006878772041225834,0.001816462470661198,-0.007030892980197809,0.0,0.005717789547042003,0.03489389013348715,-0.060203247383911224,-0.0013379585411971186,-0.029050477718300334,-0.02191009941544271,0.09049426519562288,-0.0011930233103152514,-0.005237682382942248,0.0009228662847930169,-0.015318862905006517,0.10127074874006044,-0.07112262968018736,0.08825978697872194,0.0008293847333808776,0.06572448939326804,-0.004072372410725774,0.007165050386439676,-0.16683966145648454,-0.11663737601812307,0.04172326527885443,-0.007405402147695013,-0.04822524682778376,-0.04255580160324998,0.0009784322222393897,-0.00027914849257149217,0.007781100025975117,-0.014937865327057308,0.0,0.12017657196368557,0.0,-0.07725623628879076,0.06059200357334424
