f_id,i_id,disp.diff_mean_02,disp.diff_mean_05,disp.diff_mean_10,disp.diff_mean_25,disp.diff_median_02,disp.diff_median_05,disp.diff_median_10,disp.diff_median_25,disp.ratio_mean_02,disp.ratio_mean_05,disp.ratio_mean_10,disp.ratio_mean_25,disp.ratio_median_02,disp.ratio_median_05,disp.ratio_median_10,disp.ratio_median_25,ela_distr.kurtosis,ela_distr.number_of_peaks,ela_distr.skewness,ela_level.lda_mda_10,ela_level.lda_mda_25,ela_level.lda_mda_50,ela_level.lda_qda_10,ela_level.lda_qda_25,ela_level.lda_qda_50,ela_level.mmce_lda_10,ela_level.mmce_lda_25,ela_level.mmce_lda_50,ela_level.mmce_mda_10,ela_level.mmce_mda_25,ela_level.mmce_mda_50,ela_level.mmce_qda_10,ela_level.mmce_qda_25,ela_level.mmce_qda_50,ela_level.qda_mda_10,ela_level.qda_mda_25,ela_level.qda_mda_50,ela_meta.lin_simple.adj_r2,ela_meta.lin_simple.coef.max,ela_meta.lin_simple.coef.max_by_min,ela_meta.lin_simple.coef.min,ela_meta.lin_simple.intercept,ela_meta.lin_w_interact.adj_r2,ela_meta.quad_simple.adj_r2,ela_meta.quad_simple.cond,ela_meta.quad_w_interact.adj_r2,ic.eps.max,ic.eps.ratio,ic.eps.s,ic.h.max,ic.m0,nbc.dist_ratio.coeff_var,nbc.nb_fitness.cor,nbc.nn_nb.cor,nbc.nn_nb.mean_ratio,nbc.nn_nb.sd_ratio,pca.expl_var.cor_init,pca.expl_var.cov_init,pca.expl_var_PC1.cor_init,pca.expl_var_PC1.cor_x,pca.expl_var_PC1.cov_init
1,1,0.0,-0.04022580069547725,0.044865554902243046,0.0003887293781864177,0.0004766737692202569,0.005156813131542306,-0.049967244343652434,-0.09816528001572103,0.0016482541398952699,0.0008113648421847093,0.010567080018959202,-0.031628250767685225,0.0,-0.008803210281251904,0.0,-0.020430054296968397,-0.00978800935784846,0.04512194150024745,-0.015333150782370053,0.3298134744250328,-0.04809242326382995,0.003949291000422064,0.0012901684664760752,-0.002210916515233495,-0.00440500500617768,0.0,0.0044446632391319865,-0.015018788725118117,0.0,0.003756100795677479,-0.034501579224946635,0.014203613491876365,-0.005798618380483973,0.0,0.11421018801988486,0.0007391021693058872,0.0,0.011645641287266419,-0.009190457419092251,-0.001496639578774884,0.0,0.1695939237083051,0.04841799558088526,0.011681879145000726,0.05288619391380024,-0.02441106769099254,0.2079277007151322,0.277806831219378,0.080624658771339,-0.024158412147925357,0.009363118603084017,0.0006374563089595585,0.005714955246091336,-0.011985443916499534,0.0,0.00020770027316398515,0.01621988905795022,0.0,-0.0036311929771607188,0.05386172206933891,-0.001219595374146668
