f_id,i_id,disp.diff_mean_02,disp.diff_mean_05,disp.diff_mean_10,disp.diff_mean_25,disp.diff_median_02,disp.diff_median_05,disp.diff_median_10,disp.diff_median_25,disp.ratio_mean_02,disp.ratio_mean_05,disp.ratio_mean_10,disp.ratio_mean_25,disp.ratio_median_02,disp.ratio_median_05,disp.ratio_median_10,disp.ratio_median_25,ela_distr.kurtosis,ela_distr.number_of_peaks,ela_distr.skewness,ela_level.lda_mda_10,ela_level.lda_mda_25,ela_level.lda_mda_50,ela_level.lda_qda_10,ela_level.lda_qda_25,ela_level.lda_qda_50,ela_level.mmce_lda_10,ela_level.mmce_lda_25,ela_level.mmce_lda_50,ela_level.mmce_mda_10,ela_level.mmce_mda_25,ela_level.mmce_mda_50,ela_level.mmce_qda_10,ela_level.mmce_qda_25,ela_level.mmce_qda_50,ela_level.qda_mda_10,ela_level.qda_mda_25,ela_level.qda_mda_50,ela_meta.lin_simple.adj_r2,ela_meta.lin_simple.coef.max,ela_meta.lin_simple.coef.max_by_min,ela_meta.lin_simple.coef.min,ela_meta.lin_simple.intercept,ela_meta.lin_w_interact.adj_r2,ela_meta.quad_simple.adj_r2,ela_meta.quad_simple.cond,ela_meta.quad_w_interact.adj_r2,ic.eps.max,ic.eps.ratio,ic.eps.s,ic.h.max,ic.m0,nbc.dist_ratio.coeff_var,nbc.nb_fitness.cor,nbc.nn_nb.cor,nbc.nn_nb.mean_ratio,nbc.nn_nb.sd_ratio,pca.expl_var.cor_init,pca.expl_var.cov_init,pca.expl_var_PC1.cor_init,pca.expl_var_PC1.cor_x,pca.expl_var_PC1.cov_init
20,1,-0.003423862172299313,0.00600930455179783,-0.015563128304299567,0.0,0.0033689619345402184,0.001791562484935452,-0.00015742641876964874,0.13712183430604657,0.0,0.0,0.02064153292683466,0.0,-0.018174922731200784,0.0,0.02410269725419662,0.06429842599938024,-0.03412014962380917,-0.000735552924758312,0.09064333121659959,0.00776116737874784,-0.006255328084223253,-0.04396250779610644,0.0025947658489566252,0.0033619599578120895,-0.011660623921603261,0.0,-0.0011121028505730853,0.0012674255105631308,0.0008076036918130466,-0.03670083683113516,-0.0029901405700183516,-0.009966828640564585,0.010271563216616462,0.0,-0.009939041341240256,0.0061722515164698375,-0.019443822157101803,0.018594647709887793,0.005719524021666068,-0.0031914627316106236,0.23063550878186492,0.4011651454403188,-0.013862623058256134,0.0019020186726349392,0.0,0.0016768758808967648,0.395754915831795,0.27889019967746215,0.006741694754982935,-0.008658749919207537,-0.0034369493147995136,-0.061399765714834804,0.0015999226473292927,-0.020933536348045692,0.002684941198568408,-0.0031129424279803196,0.0034004874550154496,0.08515693766250836,0.0,-0.0005565475003407967,0.063312635992958
