f_id,i_id,ic.eps.max,pca.expl_var_PC1.cov_init,ic.eps.ratio,ela_meta.lin_simple.coef.max,ela_meta.lin_simple.coef.min,ela_meta.lin_simple.intercept,ela_distr.skewness,ic.eps.s,pca.expl_var.cov_init,ela_level.mmce_qda_50
26,1,-0.3870915090500908,0.6089810501938258,-0.5765797345132343,-0.362813069848209,-0.2643086411862223,-0.3303099718171055,-0.0405052855529377,-0.472600252892097,-0.7091399635591878,-0.1448319433068806
