f_id,i_id,ic.eps.ratio,ela_meta.lin_simple.intercept,pca.expl_var_PC1.cov_init,pca.expl_var.cov_init,ela_meta.lin_simple.coef.min,ic.eps.s,ic.eps.max,ela_level.mmce_qda_50,disp.ratio_median_10,ela_distr.skewness
24,1,-0.7411492131222048,-0.3303100126011118,0.5372913959583397,-0.7091399635591878,-0.2643086398442603,-0.5407734907192381,-0.3870915696335733,-0.6882970104557975,-1.3298473292870654,-0.028139668869901
