f_id,i_id,ic.eps.max,ic.eps.ratio,pca.expl_var_PC1.cov_init,ela_meta.lin_simple.intercept,ela_meta.lin_simple.coef.max,ela_distr.skewness,ic.eps.s,ela_meta.lin_simple.coef.min,ela_level.mmce_qda_50,pca.expl_var.cov_init
28,1,-0.3870910028904853,-0.3555630917899406,0.6993499943478496,-0.3303093170033695,-0.3628125999162515,30.357624014630527,-0.3368456185959243,-0.2643037522906144,-0.7293986268406774,-0.7091399635591878
