f_id,i_id,pca.expl_var_PC1.cov_init,ic.eps.max,ic.eps.ratio,ela_meta.lin_simple.intercept,ela_meta.lin_simple.coef.max,ela_meta.lin_simple.coef.min,ela_distr.skewness,ic.eps.s,ela_level.mmce_qda_50,pca.expl_var.cov_init
27,1,0.6978066926964932,-0.3870908840209889,-0.30927903630782,-0.3303094195645152,-0.3628123733578955,-0.2643010529022396,-0.0829157057679603,-0.2748538454489436,-0.3241269340111044,-0.7091399635591878
