f_id,i_id,ic.eps.ratio,pca.expl_var_PC1.cov_init,ic.eps.max,pca.expl_var.cov_init,ela_meta.lin_simple.intercept,ela_level.mmce_qda_50,ic.eps.s,ela_distr.skewness,ela_meta.lin_simple.coef.min,ela_meta.lin_simple.coef.max
20,1,1.6281731647046953,0.6997709232301093,1.9810455034049408,-0.7091399635591878,1.076877972087598,-0.6968039463774548,1.563908356951383,-0.1612996966754336,0.3440963585534918,1.5576390742221375
