f_id,i_id,pca.expl_var_PC1.cov_init,ic.eps.ratio,ela_meta.lin_simple.intercept,ic.eps.s,ic.eps.max,pca.expl_var.cov_init,ela_meta.lin_simple.coef.min,ela_meta.lin_simple.coef.max,ela_distr.skewness,ela_level.mmce_qda_50
30,1,0.6997709232301093,0.9686240752998688,-0.3135266127985206,1.0159679765470673,-0.3707621666675044,-0.7091399635591878,-0.0416682007418254,-0.3241868255163351,0.0065584641317499,-0.4978836871874065
