f_id,i_id,ic.eps.max,ic.eps.ratio,ela_meta.lin_simple.intercept,ela_distr.skewness,ela_meta.lin_simple.coef.min,pca.expl_var_PC1.cov_init,ela_meta.lin_simple.coef.max,ic.eps.s,pca.expl_var.cov_init,ela_level.mmce_qda_50
11,1,-0.3870912820395638,-0.4541452726818792,-0.3303098092791931,-0.369346480159632,-0.2643087602374362,0.4830469171672056,-0.362813149062161,-0.5180418672728236,-0.7091399635591877,2.042654059004175
