f_id,i_id,ic.eps.s,ic.eps.ratio,ic.eps.max,ela_distr.skewness,ela_meta.lin_simple.intercept,pca.expl_var_PC1.cov_init,pca.expl_var.cov_init,ela_meta.lin_simple.coef.min,ela_meta.lin_simple.coef.max,disp.ratio_mean_25
4,1,-0.0837800931389884,-0.0787072516008576,-0.3870864660082544,-0.2028068838160687,-0.3303061272222416,0.6997709232301093,-0.7091399635591878,-0.2643006563844568,-0.3628089823103154,-0.8703833002868451
