f_id,i_id,ic.eps.ratio,ic.eps.s,pca.expl_var.cov_init,disp.diff_mean_10,ela_level.lda_mda_50,ic.eps.max,ic.h.max,disp.diff_median_05,ela_level.lda_qda_50,disp.ratio_mean_10
2,1,1.7070042228230262,1.59552895484075,-0.7091399635591878,-1.7177286343478964,-0.3373600547145131,9.708898038767956,0.5888484313948296,-1.689928587637547,-0.3322198752005171,-1.7175306586551466
