f_id,i_id,pca.expl_var.cov_init,ic.eps.ratio,pca.expl_var_PC1.cov_init,ela_meta.lin_simple.intercept,ic.eps.s,ela_meta.lin_simple.coef.min,ela_level.mmce_qda_50,ic.eps.max,ela_meta.lin_simple.coef.max,ela_meta.lin_w_interact.adj_r2
25,1,1.245821993205063,-0.6762841720099838,-0.0689344707989136,-0.3303100189962764,-0.6664686465201168,-0.2643087737848638,-0.7327364140039455,-0.3870915475082795,-0.3628131662040472,0.8999637504482129
