f_id,i_id,ela_meta.lin_simple.intercept,ic.eps.ratio,ic.eps.max,ela_meta.lin_simple.coef.min,ic.eps.s,ela_meta.lin_simple.coef.max,ela_level.mmce_qda_50,pca.expl_var_PC1.cov_init,ela_level.mmce_mda_50,disp.ratio_mean_25
14,1,-0.330310159773561,-0.8301112140513348,-0.3870915741728092,-0.2643087768522058,-0.8861173381373818,-0.3628131638931917,-0.3234008031961543,-1.619463854074522,-0.1968571676949979,-1.7504398867102606
