f_id,i_id,ic.eps.ratio,ela_meta.lin_simple.intercept,pca.expl_var_PC1.cov_init,ic.eps.max,pca.expl_var.cov_init,ela_meta.lin_simple.coef.max,ic.eps.s,ela_meta.lin_simple.coef.min,ela_level.mmce_qda_50,disp.ratio_mean_25
7,1,-0.6410253361777928,-0.3303101615340938,0.1868560494114762,-0.3870915210804582,0.3936067677488086,-0.3628130918223941,-0.6951701976783914,-0.2643085504440199,-0.595030122717607,-1.2207015462726098
