f_id,i_id,ic.eps.max,pca.expl_var_PC1.cov_init,ic.eps.ratio,ic.eps.s,ela_distr.skewness,disp.ratio_mean_25,disp.diff_median_10,ela_level.lda_qda_25,ela_level.mmce_mda_25,disp.diff_median_25
8,1,-0.3870915741728091,-1.6801479114560305,-0.8301112140513348,-0.8919735807359265,-0.3309266558754396,-1.411451170836441,-1.3175402032280843,-0.7212875585736709,0.2926812516755167,-1.384823419753418
