f_id,i_id,true,predicted
4,1,1.6949747254414391,1.687127752281184
4,2,1.7100774023968852,1.687127752281184
4,3,1.6606595099406989,1.687127752281184
4,4,1.6585421724053055,1.687127752281184
4,5,1.6843155066988664,1.687127752281184
