f_id,i_id,true,predicted
7,1,1.264907131539305,1.538125279663155
7,2,1.2661697139168584,1.8577313397614668
7,3,1.2929493195100012,1.964563446506407
7,4,0.9615837632979256,2.012839678747058
7,5,1.0344632619662582,1.8312848050133055
