f_id,i_id,true,predicted
12,1,5.508481474861777,3.7364479019759647
12,2,4.721601660519329,3.7755194013616262
12,3,5.298826317815776,3.7739522364543565
12,4,5.438038813404898,3.783059867976933
12,5,5.013253081895612,3.8012230748564515
