f_id,i_id,true,predicted
2,1,0.4911863999145448,3.550934971089128
2,2,0.3973067152847547,3.6237381706861873
2,3,1.0190780312144687,4.506822633553445
2,4,0.3952854128226437,4.310368490783041
2,5,0.5543385055859913,4.359823169607379
