f_id,i_id,true,predicted
10,1,4.339943152985812,1.4696371766599294
10,2,4.331770438902518,1.4696371766599294
10,3,4.471777537030956,1.7734665059902537
10,4,4.45141327360574,1.5369183789181726
10,5,4.537944233052587,1.5964872634142713
