f_id,i_id,true,predicted
14,1,0.0270197468343805,1.015901607612768
14,2,0.040609714225661,1.0601174821368424
14,3,0.0616073140490532,0.8950066630559133
14,4,0.0372728191902756,0.8808192704140688
14,5,0.0328247432538263,1.070398434347816
