f_id,i_id,true,predicted
1,1,0.00446834492162,0.6541909081124065
1,2,0.0015174206772425,0.5415864352595462
1,3,0.0028785125488409,0.5431373012379683
1,4,0.0027326896642012,0.6833182791320919
1,5,0.003953557661947,0.5661159800326019
