f_id,i_id,true,predicted
9,1,2.520785301377974,1.7067024227571075
9,2,2.512130428118659,1.7067024227571075
9,3,2.5405811717358127,1.7067024227571075
9,4,2.508415968081053,1.7067024227571075
9,5,2.272683782188846,1.7067024227571075
