f_id,i_id,true,predicted
15,1,1.7946162095379976,1.375934255832526
15,2,1.799601977541391,2.035416802091876
15,3,1.7988906109153602,2.228118186707044
15,4,1.866166775436623,1.0202636469938808
15,5,1.8641536224080548,1.2561959415885504
