f_id,i_id,true,predicted
13,1,2.012956227800625,1.631651626908726
13,2,1.7926599435692214,1.5902943354944532
13,3,1.9088525351995969,1.708407468012681
13,4,2.091025614006237,1.708323540480327
13,5,2.143273979870315,1.7445615773397927
