f_id,i_id,true,predicted
11,1,2.1317479009844704,2.8227094727203332
11,2,2.0568599647335564,1.0466466032883663
11,3,2.0646427029893832,3.952515931483731
11,4,2.095776494063313,3.911576296130299
11,5,2.037244025872633,1.0466466032883663
