f_id,i_id,true,predicted
21,1,0.9173178897873532,0.7127254223485052
21,2,0.9006819678180213,0.7197672952871023
21,3,1.086555318950457,0.7255075210585019
21,4,1.0173883688540877,0.7255075210585019
21,5,0.9857515042304508,0.7255075210585019
