f_id,i_id,true,predicted
22,1,0.8040909257718094,0.9555355513818905
22,2,0.5892831424895728,0.9348435691047081
22,3,0.8478048343752417,0.9434332655776408
22,4,0.8816552014625603,0.9405508042944747
22,5,0.9684214215128064,0.9493290856261196
