f_id,i_id,true,predicted
23,1,0.4637278393590447,1.0563070606558507
23,2,0.445289111142353,1.0581403848372863
23,3,0.4666913203620846,1.0654585342550007
23,4,0.4473909376746462,1.0618131261768307
23,5,0.4613216460087248,1.0560170297384834
