f_id,i_id,true,predicted
16,1,1.0869794796679797,0.469566983956185
16,2,1.0966117333816805,0.46800441260462905
16,3,1.0838741555583922,0.47332542813600653
16,4,1.098880178989433,0.4660774122463238
16,5,1.0373452884397747,0.4672891319511037
