f_id,i_id,true,predicted
24,1,1.9033054737528767,0.7660558391147648
24,2,1.89867803959004,0.7558950441659251
24,3,1.8986481359438536,0.7558950441659251
24,4,1.925836955866012,0.7558950441659251
24,5,1.9030562496511527,0.7702799592986941
