f_id,i_id,true,predicted
20,1,0.5317524284023395,1.7132181913603248
20,2,0.5269945089584078,1.6532929690408846
20,3,0.5415635991837412,1.6736256093381965
20,4,0.537627750376951,1.7061299102524188
20,5,0.5458720012763641,1.6527303385542265
