f_id,i_id,true,predicted
17,1,0.4975324918281835,0.2510802459730613
17,2,0.6153202083296939,0.8296900055515511
17,3,0.4529770864477538,0.6897332080225977
17,4,0.3925243560448064,0.7288570440752126
17,5,0.6110132320011353,0.9569072187453582
