f_id,i_id,disp.diff_mean_05,ic.eps.max,disp.ratio_mean_05,disp.diff_median_02,pca.expl_var_PC1.cor_init,disp.ratio_mean_10,ela_meta.quad_simple.adj_r2,ic.eps.s,ela_meta.lin_simple.coef.max,ela_level.lda_mda_25
21,1,1.2565529304459706,-0.236776236064218,1.2564171315573185,1.4613911090339415,-1.4410855207342264,1.0805879134747778,-1.4937215886745814,-1.0999195607521264,-0.1685198778125789,-0.5114734489688623
21,2,1.2784832909573205,-0.2367762280138415,1.278688247943449,1.4754503111683346,-1.5299867143788928,1.129649081645406,-1.537613187692901,-1.0915644188274172,-0.1685198778249133,-0.5164502723388578
21,3,0.8903066565897563,-0.2367762195375192,0.8901158752064908,1.0395785275940108,-1.5408283233599498,0.7263374197721505,-1.3833610573299588,-1.083167501193084,-0.1685198782018837,-0.5092112565279553
21,4,1.040950652001054,-0.2367762280138415,1.0413250338281128,1.205477112779848,-1.278461386018373,0.8778498508873267,-1.332048936175449,-1.0915644188274172,-0.1685198775676895,-0.4871322583047026
21,5,1.056218624508956,-0.2367762106778455,1.0559770840821454,1.3293441611950714,-1.4996302092319338,0.8302316582511287,-1.4012018871467575,-1.0915644188274172,-0.1685198783303671,-0.5146405183861321
