f_id,i_id,ic.eps.max,ic.eps.s,ela_meta.quad_w_interact.adj_r2,ela_meta.lin_simple.coef.max,disp.diff_median_25,ela_level.lda_qda_50,disp.ratio_median_05,ela_level.qda_mda_10,ela_meta.lin_simple.coef.min,ela_level.mmce_qda_50
19,1,-0.2367753348995006,-0.7683588520660201,-0.2112387810435934,-0.1685198682285138,-1.3592801294686885,0.4711659964794113,-0.9687250530827356,0.9726601234101312,-0.1341097215601164,0.2266289618567421
19,2,-0.2367753815405704,-0.7766562739115467,-0.1626230396590289,-0.1685198691397183,-1.4329237840159117,0.4267140973117596,-1.0401803500458584,1.2303305526403965,-0.1341097242871917,0.2439225963007521
19,3,-0.2367753582200355,-0.7766562739115467,-0.1584922903910595,-0.1685198697040175,-1.3797318237589185,0.4789197469784268,-0.965866841204211,0.9917356075952152,-0.1341097232558762,0.2237466894494069
19,4,-0.2367753348995006,-0.7683588520660201,-0.2326869022426661,-0.1685198705090947,-1.37859074210324,0.4423537645114785,-1.0053101651278544,1.0295837905021283,-0.1341097204044724,0.2521576603217094
19,5,-0.2367753815405704,-0.7766562739115467,-0.1719966629978829,-0.1685198696510824,-1.381399558486448,0.485968611068441,-0.975584761591196,0.984165971013832,-0.134109722344813,0.2093353274127319
