f_id,i_id,ic.eps.max,disp.diff_mean_05,ic.eps.s,ela_meta.lin_simple.coef.max,disp.diff_median_25,ela_level.lda_mda_25,ela_level.lda_qda_50,ela_level.mmce_mda_10,ela_level.lda_mda_10,ic.h.max
13,1,-0.2367614568788353,-0.7554553003466971,-0.4113646133571148,-0.1685193436306318,-0.5316058481915744,-0.109761585364243,-0.1947928305317723,-1.0375717302593324,1.140916638854479,0.6394628909787535
13,2,-0.2367600740458387,-0.5563610093147505,-0.4031795843095243,-0.1685192072901819,-0.3300878787629366,-0.1137223172019543,-0.2768564602015727,-1.3022714445354993,1.4995095696949734,0.6194986633521623
13,3,-0.236762717891337,-0.7541781777467214,-0.4277755965975338,-0.1685195092534835,-0.7030452369824488,-0.0371181627953103,0.1886537601083386,-0.0905349747379355,0.942920542071381,0.8141498827114486
13,4,-0.236762717891337,-0.7242114081687172,-0.4277755965975338,-0.1685194900236253,-0.7217058861599843,0.0080701868076687,0.2042410198904571,-0.1640626731479819,1.0012193927908488,0.7792124843649085
13,5,-0.2367621019311348,-0.8282512885453196,-0.4277755965975338,-0.1685195748018755,-0.8539493908336613,-0.0580920382086452,0.2303222376667338,0.5329799077792572,0.0585379764402217,0.8366096387913637
