f_id,i_id,ic.eps.ratio,disp.ratio_mean_10,disp.diff_median_25,nbc.nn_nb.mean_ratio,ela_level.mmce_mda_10,ela_level.lda_qda_50,ela_meta.lin_simple.coef.min,pca.expl_var_PC1.cov_init,ic.eps.s,pca.expl_var.cor_init
14,1,-0.6184726344374141,-0.1160642778729878,0.0575255580131508,0.2798986198929893,-0.9758307888754136,-0.1993447522913402,-0.1341096759765814,0.4300608144698759,-0.5576620190684848,-1.2939932784412664
14,2,-0.6011304762217763,-0.0756563035019736,0.132619412776159,0.2395312229472,-0.4686954891346385,-0.0619187663740697,-0.1341096718288996,0.4333988100095431,-0.5247924198992344,-1.2939932784412664
14,3,-0.6792568989832248,-0.2592644677492129,-0.0773730764711281,0.4475785764370294,0.3051988411056193,0.1271955373626593,-0.1341096924022165,0.413162212050311,-0.6069458999701945,0.7728015412913031
14,4,-0.6705858198754059,-0.1961713147839461,-0.0502581975297043,0.4165267326325745,0.0706854076994804,0.0866961168640512,-0.1341097142820023,0.4217158256207081,-0.5740763008009443,0.7728015412913031
14,5,-0.6011304762217763,-0.1011771294205091,0.0669862011329,0.2985297261756582,-1.022733475556641,-0.147349288270917,-0.1341096693627104,0.4342333088944599,-0.500129961596214,-1.2939932784412664
