f_id,i_id,disp.ratio_median_05,disp.diff_median_02,disp.diff_median_25,ela_meta.lin_simple.coef.max,ic.eps.max,disp.diff_mean_10,ela_meta.lin_simple.intercept,ic.eps.s,disp.diff_mean_25,ela_level.lda_qda_50
23,1,2.489788807426308,2.409146883180859,2.6437239290347097,-0.1685198789810043,-0.2367760048055312,2.6034466791170288,-0.1809049887091736,-1.082373027640464,2.6336405522218618,-0.6560086121710691
23,2,2.486022065969948,2.416069025218264,2.639026856883808,-0.1685198790095276,-0.2367760048055312,2.5483642230142145,-0.1809049998589413,-1.082373027640464,2.622912732674944,-0.6505657244485056
23,3,2.4853942757272227,2.393060769014389,2.6278113988908367,-0.1685198790159518,-0.2367760048055312,2.5597214304580937,-0.1809052127229344,-1.082373027640464,2.607970412591737,-0.6559201099316778
23,4,2.4439601197072567,2.4139058558315747,2.6193758407422774,-0.1685198790002768,-0.236775995541209,2.53624986840741,-0.1809053635172639,-1.082373027640464,2.602031798199693,-0.6537075539468958
23,5,2.4759774220863213,2.450050449765524,2.619950992434225,-0.1685198789838309,-0.2367760048055312,2.536502250795052,-0.1809050723061948,-1.082373027640464,2.6066294351483723,-0.6575131502407209
