f_id,i_id,disp.diff_median_25,ela_level.mmce_qda_50,ela_meta.lin_w_interact.adj_r2,disp.ratio_median_10,disp.diff_mean_05,ela_level.qda_mda_10,ic.eps.max,ela_meta.lin_simple.coef.min,ela_level.lda_qda_25,ela_level.lda_mda_50
5,1,0.8109609545486154,-1.279922703072604,1.531599681100959,0.7212136193111787,0.6346956976095237,-0.9390123698088476,-0.2367753826113506,-0.1341096832197422,-1.623418598731022,-0.4392152473822748
5,2,0.821239945036588,-1.2620779573033067,1.531599681100959,0.6279857979905635,0.5468653122075204,-0.9009953560102164,-0.2367753826113506,-0.1341096832197422,-1.6408054165427597,-0.4270395487533026
5,3,0.8226104771016511,-1.276523703878452,1.531599681100959,0.661180552551691,0.6126926403970134,-0.920003862909532,-0.2367753826113506,-0.1341096832197422,-1.652939195781589,-0.4561599833298161
5,4,0.8306623529838966,-1.2629277071018448,1.531599681100959,0.6618868239253334,0.6178751786660758,-1.0310376809880746,-0.2367753826113506,-0.1341096832197422,-1.6905983032972258,-0.4249880634263204
5,5,0.858586943809556,-1.2650520815981896,1.531599681100959,0.7353390467839975,0.62692189020593,-0.9954344458433244,-0.2367753826113506,-0.1341096832197422,-1.6526432499464965,-0.4397214580473744
