f_id,i_id,ic.eps.max,ela_meta.lin_simple.coef.min,ic.eps.ratio,disp.diff_median_25,nbc.dist_ratio.coeff_var,disp.diff_mean_02,ela_level.lda_qda_50,ela_meta.quad_w_interact.adj_r2,disp.ratio_mean_10,ela_level.mmce_lda_50
8,1,-0.231748540587892,-0.1340417315886878,0.8623085779996786,-1.0308072690044776,-0.8404173957691927,-1.1495438026834326,-0.2954257160396769,0.7029379041860365,-1.1339176759641398,-0.1974388413686644
8,2,-0.230370843177913,-0.1340706300715439,0.9104303384678224,-0.8539824596185427,-0.7994613823301482,-1.0420402177370185,-0.29999480676328,0.7117600560765862,-0.9876134379938496,-0.3171745616049112
8,3,-0.2296219348955736,-0.1340210803860524,0.9323277063102746,-0.8879706833204618,-0.7666965715789124,-1.0264013064507562,-0.2425736377656896,0.7127224726464646,-0.9434324552404452,-0.2760712546581399
8,4,-0.2312880057355265,-0.1340690575626134,0.8842059458421309,-1.020051502010199,-0.8404173957691927,-1.1133254214385284,-0.2649358221725553,0.7042211262792073,-1.0846667443701798,-0.15776521466352
8,5,-0.2312880057355265,-0.1340353941613868,0.8842059458421309,-0.9667028977185792,-0.8240349903935749,-1.0885483339612445,-0.3004780759744304,0.7056647511340247,-1.035415812776223,-0.3053796996114898
