f_id,i_id,disp.ratio_mean_10,ela_level.mmce_qda_50,disp.ratio_median_05,ela_level.mmce_mda_10,ic.eps.s,disp.diff_median_25,ela_level.mmce_lda_50,ela_meta.quad_simple.adj_r2,ela_level.lda_mda_10,ela_meta.lin_simple.coef.min
18,1,0.048910412948679,-0.3773153156161101,-0.1446518045037297,-1.2698459207354371,-0.2421579139778681,0.232961082856214,-0.5476411449293983,-0.3002436116955015,0.5297965493920622,-0.1341096002773362
18,2,-0.1608552991305629,0.2479689197074823,-0.1771583755774769,0.744230451664866,-0.5703599998849662,-0.162803898217292,0.0798714833099996,-0.6202833016014148,-0.8263737605718893,-0.134109707566756
18,3,0.1148165319465499,-0.338956849992697,0.0133973858893161,-0.0807775084582898,-0.5703599998849662,0.3968133651293297,-0.8127822725845811,0.1423255594886757,0.0060192341656048,-0.1341096827825739
18,4,-0.0992011878099766,0.175376554656723,-0.1474540951135352,0.0748289751236577,-0.5047031889929618,-0.0084208912871012,-0.1791703220581222,-0.4358794802746742,-0.1526353053013336,-0.1341096749091122
18,5,0.0063903361758594,0.5498871652595084,0.0049905140598997,0.682575052509755,-0.5129410285618088,-0.0815541338909429,0.4601821670914529,-0.8062111214515171,-1.1871498366199906,-0.1341097021166818
