f_id,i_id,ela_level.qda_mda_10,ela_meta.lin_simple.coef.min,ic.eps.s,ela_meta.lin_simple.coef.max,ic.eps.ratio,ic.eps.max,ela_meta.quad_w_interact.adj_r2,disp.diff_median_25,ela_meta.quad_simple.adj_r2,ela_meta.lin_simple.intercept
7,1,-1.6030920703354083,-0.1341096216574175,-0.2677205525278814,-0.1685189116705242,-0.2204845117173326,-0.2367550029078456,0.7149149015727855,0.1993477585558761,0.4689001551255359,-0.1809021292366527
7,2,-1.3146800630954458,-0.1341095491066161,-0.3086276784100674,-0.1685191941845177,-0.2635954958330865,-0.2367592647935384,0.7118670953804791,0.1352102057788063,0.236266720581035,-0.1809029379331771
7,3,-1.1998663659457798,-0.1341095717507166,-0.2922403083014194,-0.1685194802909078,-0.2635954958330865,-0.2367600054706555,0.7105838085626661,0.1571809089698973,-0.5624414046884181,-0.18090309728705
7,4,-0.9708513113645776,-0.1341096247717456,-0.3904419301744391,-0.1685195246557226,-0.3411608129084837,-0.236764335720646,0.7032049093602405,-0.1930828015188442,-0.0705661362234112,-0.1809033952875261
7,5,-1.2669175650811852,-0.134109565128693,-0.3577080562167659,-0.1685192810087379,-0.3153200631887512,-0.2367626493161131,0.7054506612914133,-0.057033447143241,0.4118821564626679,-0.180903171422387
