f_id,i_id,disp.ratio_mean_10,disp.diff_mean_10,disp.diff_median_25,ela_distr.skewness,ela_meta.lin_simple.coef.min,ela_level.mmce_mda_10,ela_level.lda_mda_10,ic.eps.s,ela_level.mmce_lda_50,ela_level.mmce_qda_50
15,1,-0.8350147053601933,-0.8355672956656803,-0.7940307665724594,0.2296776070900451,-0.1341096024035846,0.1417626146945906,0.3935477058102101,-0.2797549749667814,-0.3307622467524639,-0.2250244489104598
15,2,-0.6158770554114629,-0.6162019050991445,-0.5043391052587559,1.4917649139306493,-0.1341096182442641,-0.3249455818308108,0.9528670723308748,-0.1735185939379224,-0.5653386434761057,-0.3639707002253036
15,3,-0.5048759582152098,-0.5045969357748289,-0.2812765260472044,1.6468905712357371,-0.1341076541915944,-0.8645769340633112,1.1829185076834323,-0.0509098882385896,-0.8940329819173499,-0.5255936394401963
15,4,-0.6810454415073279,-0.6813330726075594,-0.603430694114002,0.0632403828803337,-0.1341096485702382,0.0367532704763748,0.8885398937251883,-0.3533283641343465,-0.5480956617873849,-0.333460247414329
15,5,-0.8930217303466236,-0.8933485918406808,-0.8891177942271924,0.5932196551555166,-0.1341096495607902,0.5005445407734864,-0.0273046830338052,-0.2715892270014579,0.0712147638658438,-0.1244224153175172
