f_id,i_id,ela_meta.quad_w_interact.adj_r2,ic.eps.max,ic.eps.ratio,ela_meta.lin_simple.coef.max,disp.diff_mean_05,disp.ratio_mean_02,ela_level.lda_qda_50,disp.ratio_median_02,disp.ratio_mean_10,ela_level.lda_mda_25
16,1,-3.066400344703736,-0.2367745345064004,-0.7095947326070021,-0.168519877884478,2.4944737804965107,2.435115276610936,-0.6566078965776738,2.4059691297589976,2.55053052585246,-0.507856654247842
16,2,-3.06864817846629,-0.2367745345064004,-0.7009067364217036,-0.1685198779554009,2.5073843720791844,2.4217802924860674,-0.655147622958064,2.400484117640909,2.5521280499218437,-0.507856654247842
16,3,-3.06864817846629,-0.2367745345064004,-0.7095947326070021,-0.1685198780892806,2.4594886087960104,2.424344712510081,-0.6599267002586056,2.394500468057541,2.524171378707635,-0.507856654247842
16,4,-3.0673369421048,-0.2367745345064004,-0.7009067364217036,-0.1685198780990454,2.5034858797189257,2.443321420687778,-0.6494835313426071,2.4059691297589976,2.570499576719756,-0.507856654247842
16,5,-3.0693974563871413,-0.2367745345064004,-0.7095947326070021,-0.1685198779733886,2.512143570544954,2.433063740591726,-0.6508110528149796,2.4159418790646106,2.553725573991226,-0.507856654247842
