f_id,i_id,ic.eps.s,ela_meta.lin_simple.coef.min,ela_meta.lin_simple.coef.max,disp.diff_median_25,ela_level.lda_qda_10,ela_level.mmce_qda_50,ela_level.mmce_lda_10,pca.expl_var_PC1.cor_init,nbc.nb_fitness.cor,pca.expl_var_PC1.cov_init
3,1,-0.4108390017278034,-0.1341096691134034,-0.1685196213885734,-0.8218003041778528,0.0732678618473351,-0.1422941541613563,0.5986614199269173,0.230710975833103,-0.299553997719068,0.4369900077439183
3,2,-0.0511346143402129,-0.134109669816573,-0.1685158081743384,-0.346651169822551,0.4638964988413004,-0.9542603287058664,0.2427945724839695,1.037760777226463,0.8605599781478612,0.4415808679175401
3,3,-0.1165168491503324,-0.1341096317475802,-0.1685173559060362,-0.3506569114036631,0.6621165284155341,-0.4607933667947098,-1.4263154199475547,0.9789133958748644,0.1633572201804474,0.4415808679175401
3,4,-0.2064429459972301,-0.1341096503968619,-0.1685187041736332,-0.5537565324204672,0.2377563758726081,-0.4500388479265715,0.1798092897507044,0.6825747969257401,0.2527981246756411,0.4411635169926654
3,5,-0.3699597905816889,-0.1341096360766594,-0.1685193919079167,-0.9805810821695888,-0.1914045167109953,0.021091805566143,0.6049599482002431,0.4408801949459575,-0.3623807794132528,0.4394941132931668
