f_id,i_id,ela_meta.quad_w_interact.adj_r2,disp.diff_median_05,disp.ratio_median_05,ela_level.lda_qda_50,ela_meta.quad_simple.adj_r2,disp.ratio_mean_10,pca.expl_var_PC1.cor_init,disp.ratio_median_02,disp.diff_median_02,ela_meta.lin_simple.adj_r2
10,1,0.6941932107037848,0.6672196330002876,0.6678363406699016,-0.3613515150927849,0.5825987115216078,0.6881564782856999,1.0995117057775323,0.6737077079345913,0.6739041988350374,1.2297221399306626
10,2,0.6957968115086954,0.7977192773132123,0.7978019789272821,-0.3320497844169252,0.4542448953854667,0.7822367126484963,1.0211304179460865,0.7870037807183973,0.7871071912418304,1.06205203176349
10,3,0.7041355356942294,0.9463314493666218,0.946496289946645,1.8777032562806253,-0.404667558830217,0.9782970483816544,0.1801203836465033,0.9243186209323716,0.924450632502564,-0.0169485348382044
10,4,0.6901842086915089,0.5772383840771881,0.5770306545512074,-0.532949190264833,0.6048344383313335,0.56319494562061,1.1418799694702018,0.6143405657958774,0.6141958697170068,1.278987759362252
10,5,0.706540936901595,0.9004463790907272,0.901093446887298,3.4731029181911786,-1.2962435289801877,0.9639336538224488,-0.997717347009828,0.8318690255407847,0.8316027522950997,-1.042508429514107
