f_id,i_id,ic.eps.s,disp.diff_median_02,ic.eps.max,disp.ratio_mean_25,ela_level.lda_mda_25,ela_level.mmce_mda_10,disp.diff_mean_05,disp.diff_mean_10,disp.diff_median_05,ela_level.lda_qda_50
22,1,-1.1663897321487908,0.7266343719121783,-0.2367763566025443,0.2354902768984981,-0.3609603800097036,0.6512814749289376,0.5988911692179827,0.4867875805010613,0.5735459826279798,-0.1514802200574102
22,2,-1.183207025945222,0.968821882195918,-0.2367763591582193,0.3569266319896073,-0.3619535003432392,0.6424955161876191,0.7447229306846239,0.6073086008193124,0.8025197800091676,-0.2843434057274608
22,3,-1.183207025945222,1.5365356706399718,-0.2367763591582193,0.7212356972629396,-0.417297388021171,0.6659247394978021,1.2743248960862483,1.110488102354498,1.3534037984144944,-0.2016222418800135
22,4,-1.183207025945222,0.858352918023594,-0.236776360372165,0.4289287186365482,-0.3628563370100895,0.6571387807564836,0.7428908733797666,0.6635253507941327,0.7799366780321603,-0.2987449671616238
22,5,-1.1747774098527466,0.9785627771425304,-0.2367763511504374,0.2655807011688609,-0.4197350470216671,0.660067433670257,0.764234340981354,0.6250672119783602,0.812711358833781,-0.1325123098758299
