f_id,i_id,ic.eps.max,ic.eps.s,ela_meta.lin_simple.coef.max,ela_meta.quad_w_interact.adj_r2,disp.diff_mean_02,ic.eps.ratio,ela_level.qda_mda_10,disp.diff_mean_25,ela_meta.lin_simple.coef.min,nbc.nb_fitness.cor
24,1,-0.2367730660640321,-0.6845295607974207,-0.168519852582998,0.3206365873852592,-0.6755454126246264,-0.599151443868784,0.8108722512750745,-1.2761285957413226,-0.134109619551263,-1.1659367847509126
24,2,-0.2367729922902137,-0.6886675304566087,-0.1685198544858376,0.3112504486096573,-0.6913762154074695,-0.599151443868784,0.8483791729973362,-1.2252684585528433,-0.1341096168608748,-1.1891596001215736
24,3,-0.2367731398378505,-0.6803915911382326,-0.1685198534348432,0.3161821486442957,-0.7008673680018129,-0.599151443868784,0.8066714760421809,-1.2563254205410053,-0.134109611227365,-1.1561117474787088
24,4,-0.2367729922902137,-0.6886675304566087,-0.1685198530075073,0.3209547615810422,-0.7520243140315566,-0.599151443868784,0.7589626716114645,-1.2783095621730751,-0.1341096156318565,-1.169509525577168
24,5,-0.2367729922902137,-0.6886675304566087,-0.1685198529872069,0.3139549292738138,-0.7191167656542573,-0.599151443868784,0.785667599877715,-1.2475143161567233,-0.1341096202951961,-1.1829073036756257
