f_id,i_id,ela_meta.lin_simple.coef.min,disp.diff_median_25,ela_level.lda_mda_50,disp.diff_median_10,ic.eps.s,ic.eps.ratio,disp.diff_mean_02,ela_level.lda_qda_50,ic.eps.max,disp.ratio_mean_10
4,1,-0.134109622918803,-0.8111509861952827,-0.172309781985469,-0.7859098219782291,-0.0256241772020061,-0.0817761868727473,-0.7184136222930835,-0.2290407062269032,-0.2367579584034974,-0.8142919569653497
4,2,-0.134109533182128,-0.3910277062933888,0.2526942743967857,-0.5674173670966984,0.0968490626992709,0.0818225596715658,-0.6142354662559639,0.0344439780982257,-0.2367032999400282,-0.5800021074509528
4,3,-0.1341096826922987,-0.6542970096592075,-0.2030067322621253,-0.7010859604476221,-0.180765104469558,-0.2109263014554422,-0.7669103501034666,-0.4163841602809886,-0.2367587340932654,-0.7311799614189581
4,4,-0.1341095546807754,-0.611100395805981,-0.0887163568376189,-0.7487610920761183,0.0070435101642684,-0.0257810322984318,-0.7644910122081642,-0.3212186064627079,-0.2367575522855416,-0.7827667172753395
4,5,-0.1341096259516042,-0.7095068829864083,-0.0964968122278096,-0.7179059251109465,0.0396704139008724,-0.0559289611437429,-0.7190367850842976,-0.274470615113377,-0.236763268583718,-0.7533909257460101
