f_id,i_id,ela_meta.lin_simple.coef.min,ela_meta.quad_w_interact.adj_r2,ela_meta.lin_w_interact.adj_r2,ic.eps.max,ela_meta.lin_simple.coef.max_by_min,disp.diff_mean_02,disp.diff_median_02,ela_level.qda_mda_50,ela_meta.lin_simple.adj_r2,disp.ratio_median_02
12,1,81.0949121181279,-1.0129874573010216,-0.7177254045257091,43.56110406338989,-0.2059487718117672,-1.0045369228454166,-0.9687096499892066,0.3148839508738531,-0.9198734891316164,-0.9686462049642984
12,2,555.9042186550694,-0.2208673737296204,0.1449309041481482,87.35731775269015,-0.4322950435562482,-0.920556460616018,-0.8702567617900819,0.3465234569090352,-0.3187812032363271,-0.8691123297805915
12,3,3511.9945621535526,-0.8126200857342225,-0.4571958873124327,61.727512264806485,-0.4371238453209858,-0.7011819374098418,-0.6679072462116719,0.4927363257079813,-0.8564349811410141,-0.6691355942516823
12,4,890.852302803194,-0.8898332562736404,-0.5646504044791041,52.45910589403308,-0.368208639229055,-0.9314735518851888,-0.8913870651867659,0.2223623650437002,-0.9019848236930128,-0.8904734810757255
12,5,171.33912781400807,-1.0819796013320673,-0.7778109185626941,69.29562115997405,-0.246528396272223,-0.9369689795848724,-0.8798549335024743,0.2456126081150082,-0.993912687752502,-0.8800201517185328
