f_id,i_id,ic.eps.max,ela_meta.lin_simple.coef.min,ic.eps.ratio,disp.diff_median_25,nbc.dist_ratio.coeff_var,ela_level.lda_qda_50,disp.diff_mean_02,ela_meta.quad_w_interact.adj_r2,ela_level.mmce_lda_50,ela_level.qda_mda_50
9,1,-0.2331615180385523,-0.1340865395773538,0.8173610555169816,-1.384284349620772,-1.0861804530876111,0.4754877157514931,-0.7932709232257554,-0.1517570477413707,1.348340333153828,-1.7612328207533752
9,2,-0.2331615180385523,-0.1340980291767797,0.808644065717679,-1.4226917929086909,-1.0916975906112998,0.4340303413444524,-0.9133014162951916,-0.1115767630537752,1.319502439047033,-1.708686611687182
9,3,-0.2329985973073141,-0.1340947464448598,0.8173610555169816,-1.3876241272979823,-1.0530776279454783,0.4756198859143212,-0.8121901729766569,-0.1785968426512666,1.3427945842871365,-1.7602174350709368
9,4,-0.2331615180385523,-0.1340972252501271,0.808644065717679,-1.4102115710622734,-1.0916975906112998,0.4650903296090262,-0.8311462306064515,-0.086166306334347,1.3231996049581602,-1.738132796477899
9,5,-0.2329985973073141,-0.1341015939163902,0.8173610555169816,-1.44703701439783,-1.0972147281349889,0.4643413653530008,-0.8848857337899464,-0.1220585764505392,1.2821610633446443,-1.7584405101266696
