f_id,i_id,ic.eps.max,disp.diff_median_25,ela_meta.lin_simple.coef.min,ic.eps.s,ela_level.qda_mda_10,ela_meta.lin_simple.coef.max,ela_meta.quad_w_interact.adj_r2,ela_meta.lin_w_interact.adj_r2,disp.ratio_mean_10,disp.ratio_mean_05
6,1,-0.2292389700383397,-0.0077507111306831,-0.1339136416455155,0.81922179880581,-0.4854588909365275,-0.1680967193525554,0.639327332527754,1.1795206409229586,-0.0970443675384145,-0.1220448454785288
6,2,-0.2298748822475686,-0.2989461333887824,-0.1340061590385056,0.802648266790008,-0.3260996256598532,-0.1682545137933156,0.6151690926640949,0.9837713973274568,-0.2913304099258296,-0.3028335983192965
6,3,-0.2295642533891954,-0.1497993196088796,-0.1335081317236943,0.81922179880581,-0.2847732490302677,-0.1682312692324621,0.6247683932721713,1.0221472786913195,-0.2700582155038507,-0.3463144376101143
6,4,-0.2269384387078311,-0.0684234659714596,-0.1339376985171325,0.8564399174597495,-0.7360929592727902,-0.1680673071665261,0.6670053159477073,1.1771019929378412,-0.1388796832349762,-0.1895545696405877
6,5,-0.2321108011383145,-0.093267184527432,-0.1340165190882992,0.753010331750162,0.0181877422326643,-0.1683515286769714,0.4972576835282236,0.6493530025852242,-0.0481183203678619,-0.0385158647356417
