f_id,i_id,ic.eps.max,ic.h.max,disp.ratio_median_05,ela_meta.lin_simple.adj_r2,ela_level.lda_qda_50,ic.eps.s,ela_level.mmce_lda_10,ela_meta.lin_simple.coef.max_by_min,disp.diff_median_25,ela_level.lda_qda_25
11,1,-0.0784687333715163,-0.9237128214930752,2.04888537556359,-1.158593745127052,8.520535580511886,1.5956701242110114,0.4631485396267038,-0.3322406918296775,1.871737654036556,3.66859364154129
11,2,-0.0784687333715163,-0.9009915540489762,2.0144763089925224,-1.3238804500824426,11.407679287647916,1.5870869730379622,0.4631485396267038,-0.3249563892731572,1.8114600419311304,3.8249592486999298
11,3,-0.0638695413742752,-1.238023687803104,1.8599373433400097,0.3730630541262356,0.9814998477826414,1.6300456446590743,0.4662753496570587,-0.3458391505421002,1.5974879537886886,7.575676378307827
11,4,-0.0560494198238157,-1.258220369975637,1.8321686229493224,0.6271704934616947,-0.4829068902458798,1.638628795832124,0.6038549909926879,-0.1917466150849053,1.46000484148285,8.100107566305953
11,5,-0.0784687333715163,-0.9237128214930752,2.056733057413132,-1.2966665784584743,10.533958326400906,1.5870869730379622,0.4631485396267038,-0.3695432730209863,1.865378500307752,3.785109841889418
