f_id,i_id,ic.eps.max,disp.diff_mean_05,ela_level.mmce_lda_10,ic.eps.s,ela_meta.lin_simple.coef.max,ela_level.mmce_mda_10,disp.ratio_mean_25,disp.ratio_median_02,disp.diff_median_25,disp.diff_median_05
20,1,-0.2351266693501529,-0.8042618809950713,1.151773750203685,0.556398718029098,-0.1684534651808026,0.94082346128785,-0.7442338653526647,-0.7258981409315086,-0.747361321786776,-0.7875518263311687
20,2,-0.2351977292567631,-0.7082336518380307,1.151773750203685,0.5522952326575161,-0.1684536097163729,0.9615136098013516,-0.6523305070841097,-0.7001132722395613,-0.6562511792301075,-0.6941744074188154
20,3,-0.2351266693501529,-0.7658140593354286,1.126214585502363,0.5481917472859338,-0.1684535199702238,0.8994431642608468,-0.6890918503915326,-0.6820186275434573,-0.6835500983482103,-0.7396797110399003
20,4,-0.2350522570910152,-0.795220706780571,1.1102401075640371,0.5522952326575161,-0.1684532823487076,0.9319562547820638,-0.7561272411285965,-0.7304218021055361,-0.750688377554295,-0.7670096873069302
20,5,-0.2351266693501529,-0.7537134978867289,1.186917601668002,0.556398718029098,-0.1684540592444863,0.96446934530328,-0.64692442718596,-0.7349454632795616,-0.6414073919596391,-0.7261486933782823
