f_id,i_id,ela_level.mmce_mda_50,ela_level.lda_mda_10,ela_level.mmce_mda_10,disp.ratio_mean_10,disp.diff_median_25,ic.eps.s,ela_meta.lin_simple.intercept,pca.expl_var.cor_init,pca.expl_var_PC1.cor_init,ela_meta.lin_simple.coef.min
17,1,-0.6340087632576473,0.6711131526741735,-1.3525942765495094,-0.0742089822680047,0.1524666623730504,-0.5278704881722062,-0.1809048233888875,0.8017837257372707,0.2618949130722988,-0.1341096930601271
17,2,0.0999727446748253,-0.7411301940516433,0.7309835496069977,-0.3564547125660451,-0.3235160975028913,-0.8335583675195853,-0.1809049336062822,0.8017837257372707,-0.1529638870702601,-0.1341097224566945
17,3,-0.592627016519614,-0.0838938673061688,-0.1271331291485697,-0.0891013449219214,0.1768153364128854,-0.841812394233434,-0.1809044971485542,-1.2472191289246497,0.7476341112291613,-0.1341097182336003
17,4,0.0190242400907798,-0.1838372426129177,-0.0595417469178225,-0.1791646809717995,-0.0845101894799272,-0.7839929371029252,-0.1809048864407819,0.8017837257372707,0.0325759783201312,-0.1341097189918006
17,5,0.499270300919,-1.1311266259551604,0.6957184806170489,-0.2132043670378942,-0.2645889245662072,-0.7922469638167736,-0.180905212850103,0.8017837257372707,-0.3343343172833386,-0.1341097206141862
