f_id,i_id,ic.eps.max,ela_meta.lin_simple.coef.max,ic.eps.s,ela_level.qda_mda_10,ic.eps.ratio,ela_level.lda_mda_25,ela_meta.lin_simple.coef.min,disp.ratio_median_10,pca.expl_var_PC1.cov_init,ela_level.lda_qda_25
2,1,-0.0274061441549816,-0.1433847080207421,1.5847688980450834,-1.6448617829625156,1.6940929773816118,0.6315920244492608,-0.1338413802204449,0.6263373968995732,0.4416545473180049,0.5405399980524422
2,2,-0.0227047827242009,-0.1517071564044683,1.5590032895157435,-0.1488340621819991,1.7032086943293074,1.5753836197900644,-0.133861339106501,0.5946100642681849,0.4416545473180049,2.1038286912931707
2,3,0.0242576307601857,-0.1353301137170817,1.6276829981080931,-1.8297015716044056,1.7488328576525234,1.1339473774606232,-0.1337962104552057,0.7003678397061465,0.4416545473180049,0.7723234857089628
2,4,0.0360976861897486,-0.1592697753986797,1.5247063064484028,-1.0649964928418032,1.7397171407048275,7.965411903128937,-0.1336556681533747,0.5931999605956789,0.4416545473180049,1.5762115118262168
2,5,-0.0180034212934202,-0.1352021556796009,1.6534486066374328,-1.8596839453473213,1.7306014237571326,1.4551365692276164,-0.13378094694642,0.5657029389818086,0.4416545473180049,0.5374244338232362
