f_id,i_id,ela_meta.lin_simple.coef.min,ic.eps.s,ela_meta.lin_simple.coef.max,ela_level.qda_mda_10,disp.diff_mean_25,ic.eps.max,disp.ratio_mean_25,disp.ratio_median_02,ela_level.lda_qda_25,ela_level.lda_mda_25
1,1,-0.1341097212918499,-0.8818740660844822,-0.168519846374189,-0.1866303462389741,-1.5452700442754368,-0.2367751662151426,-1.545138459702324,-1.339185735325178,-0.0844296275749544,-0.3118157534544548
1,2,-0.134109680699599,-0.8404327137307752,-0.1685198364935562,-0.2029317968067102,-0.8271825095087394,-0.2367748582988934,-0.8273663223777219,-0.9893415857892554,-0.2831737268320143,-0.3135293931071022
1,3,-0.1341097175925661,-0.8487127042110362,-0.1685198364568099,-0.2192332473744469,-0.8952164221682067,-0.2367749256835256,-0.8944170120818578,-1.0173842837152622,-0.2622606824892868,-0.3223681660523386
1,4,-0.1341097182570104,-0.8653140851239599,-0.1685198372747354,-0.1744783558157516,-1.1249176553437292,-0.2367750515079273,-1.1252472553256037,-1.1438062825620154,-0.2059779255669132,-0.3109138378477977
1,5,-0.1341097120691176,-0.8653140851239599,-0.1685198402856161,-0.2731762292531389,-1.1825382140247065,-0.2367750515079273,-1.1824052203192943,-1.204948558367899,-0.2115219876577706,-0.3179487795797204
