f_id,i_id,log_precision
24,1,1.717522661603349
24,2,1.6927456209495122
24,3,1.7210745738041044
24,4,1.722034625139347
24,5,1.7139713873986782
