f_id,i_id,log_precision
4,1,0.9980249683554888
4,2,0.9757601368911124
4,3,0.9980249683770424
4,4,0.95229188871074
4,5,0.9980249683545674
