f_id,i_id,log_precision
3,1,0.7763226627198915
3,2,0.8110567795299243
3,3,0.7385675773937901
3,4,0.776323028907528
3,5,0.8110569485508499
