f_id,i_id,log_precision
23,1,0.4673758256154829
23,2,0.4532745592833218
23,3,0.4563889680265083
23,4,0.4523540621888977
23,5,0.4657222621024411
