f_id,i_id,log_precision
11,1,1.9567095917670871
11,2,1.8877947939030573
11,3,1.9771134265632515
11,4,2.060926487413909
11,5,2.035658554230252
