f_id,i_id,log_precision
20,1,0.434555200071847
20,2,0.4347946820056711
20,3,0.4460672186216036
20,4,0.471756396386576
20,5,0.4226460869702329
