f_id,i_id,log_precision
14,1,0.3792739889315858
14,2,0.5716061760417699
14,3,0.5014882228960377
14,4,0.5473991138992629
14,5,0.4224669595579789
