f_id,i_id,log_precision
18,1,0.8447616370817819
18,2,0.7510377042431265
18,3,0.9385697317601146
18,4,0.8686746740526373
18,5,0.7777547252383062
