f_id,i_id,log_precision
5,1,1.096808355504918
5,2,0.993479369574794
5,3,0.8940948122593625
5,4,0.8910809710252879
5,5,1.0504562462973257
