f_id,i_id,log_precision
16,1,0.5714358702157436
16,2,0.4713467559448878
16,3,0.5658794097695349
16,4,0.557476133898008
16,5,0.5260500219953667
