f_id,i_id,log_precision
1,1,0.2293860661076884
1,2,0.4013740808360788
1,3,0.4855942498448432
1,4,0.3287019614255028
1,5,0.4010220027723363
