f_id,i_id,log_precision
3,1,1.593057184047613
3,2,1.6492745024059907
3,3,1.6392409520720872
3,4,1.618179962567934
3,5,1.6523173662317867
