f_id,i_id,log_precision
2,1,0.4911863999145448
2,2,0.3973067152847547
2,3,1.0190780312144687
2,4,0.3952854128226437
2,5,0.5543385055859913
