f_id,i_id,log_precision
6,1,1.4540801148752325
6,2,1.4949761625835587
6,3,1.3892057851210926
6,4,1.4492438641713468
6,5,1.3831478735036158
