f_id,i_id,log_precision
14,1,0.0270197468343805
14,2,0.040609714225661
14,3,0.0616073140490532
14,4,0.0372728191902756
14,5,0.0328247432538263
