f_id,i_id,true,predicted
14,1,0.2355194958297531,1.476136564913518
