f_id,i_id,true,predicted
13,1,0.1660669856218615,1.2441816276554187
