f_id,i_id,true,predicted
29,1,2.993961339720404,3.2416805109143865
