f_id,i_id,true,predicted
28,1,2.8345521966691725,2.2891084516818117
