f_id,i_id,true,predicted
9,1,1.4026959823662015,0.7216560381139848
