f_id,i_id,true,predicted
6,1,0.8165146880484523,0.9105849293951339
