f_id,i_id,true,predicted
1,1,6.387609404144407,2.6608360936266453
