f_id,i_id,true,predicted
2,1,8.313206943771041,2.674650823977493
