f_id,i_id,true,predicted
26,1,2.3280745817665696,2.328214537034004
