f_id,i_id,true,predicted
12,1,0.1554270408174687,1.0022857801460772
