f_id,i_id,true,predicted
25,1,2.268417573024092,1.7138197970262958
