f_id,i_id,true,predicted
4,1,2.0821210665527543,1.8642631218132213
