f_id,i_id,true,predicted
8,1,1.426913454027517,0.7684890025008836
