f_id,i_id,true,predicted
20,1,2.5057193415174166,5.09056297113204
