f_id,i_id,true,predicted
3,1,4.049995091091602,3.367425952485438
