f_id,i_id,ic.eps.max,ela_meta.lin_simple.intercept,ela_meta.quad_w_interact.adj_r2,ela_distr.skewness,ic.eps.ratio,ela_meta.lin_simple.coef.max,ela_level.mmce_lda_10,disp.diff_mean_05,ic.eps.s,disp.ratio_median_05
13,1,-0.2367614568788353,-0.1809009265242427,0.7097320776548505,-0.4845009820422888,-0.3081683161943788,-0.1685193436306318,-0.8946307040116492,-0.7554553003466971,-0.4113646133571148,-0.7497389311132526
13,2,-0.2367600740458387,-0.1809007181087724,0.7100528195455658,-0.4812293379856338,-0.2908917748364854,-0.1685192072901819,-1.133636430836097,-0.5563610093147505,-0.4031795843095243,-0.5434873101227374
13,3,-0.236762717891337,-0.1809017758857673,0.6959401763540952,-0.4918318881692383,-0.3254017739079882,-0.1685195092534835,0.1368676959675485,-0.7541781777467214,-0.4277755965975338,-0.7673043164173892
13,4,-0.236762717891337,-0.1808999015894488,0.6936949831190884,-0.5014650623360563,-0.3254017739079882,-0.1685194900236253,0.0991299496268459,-0.7242114081687172,-0.4277755965975338,-0.724240791155633
13,5,-0.2367621019311348,-0.180901473987497,0.6932138702830155,-0.4599787981176376,-0.3167850450511836,-0.1685195748018755,0.6431824593719719,-0.8282512885453196,-0.4277755965975338,-0.8715633775774296
