f_id,i_id,ic.eps.max,ela_meta.lin_simple.intercept,ic.eps.ratio,ela_distr.skewness,ela_meta.quad_w_interact.adj_r2,ela_meta.lin_simple.coef.min,ela_level.mmce_lda_10,nbc.nb_fitness.cor,ic.eps.s,nbc.nn_nb.sd_ratio
6,1,-0.2292389700383397,-0.1798175371395156,0.957649431016062,-0.2875639101574846,0.639327332527754,-0.1339136416455155,-1.479354277565311,0.3635914971670012,0.81922179880581,-0.4071160761067544
6,2,-0.2298748822475686,-0.1799681685550334,0.9313799898763456,-0.2706828095149489,0.6151690926640949,-0.1340061590385056,-1.1437878177602592,0.2613708678790014,0.802648266790008,0.0152220191167483
6,3,-0.2295642533891954,-0.1797249058437858,0.957649431016062,-0.3117531080370395,0.6247683932721713,-0.1335081317236943,-1.3728764585887083,0.2291822441883126,0.81922179880581,-0.0439842559145839
6,4,-0.2269384387078311,-0.1792671838874991,1.0014756153174893,-0.3471158430145161,0.6670053159477073,-0.1339376985171325,-1.685856714368419,0.2813800123353759,0.8564399174597495,-0.0597725959229354
6,5,-0.2321108011383145,-0.1804162445635562,0.8524841016533966,-0.2106778954242179,0.4972576835282236,-0.1340165190882992,-0.9211523780819084,0.180029345849828,0.753010331750162,-0.2058147410002232
