f_id,i_id,ic.eps.max,ela_meta.lin_simple.intercept,ela_meta.quad_w_interact.adj_r2,ic.eps.ratio,ela_distr.skewness,ela_meta.lin_simple.coef.max,ela_level.mmce_lda_10,nbc.nn_nb.cor,nbc.nb_fitness.cor,nbc.dist_ratio.coeff_var
19,1,-0.2367753348995006,-0.1809050915968399,-0.2112387810435934,-0.7937901159741625,0.1512878219171779,-0.1685198682285138,0.4615911389694482,0.9035101136882016,-0.2067130033668317,-0.9024559442328444
19,2,-0.2367753815405704,-0.1809048103421136,-0.1626230396590289,-0.8025023781476435,0.137277796056465,-0.1685198691397183,0.4615911389694482,1.2643038826275748,-0.2754194491417106,-0.9298586938398936
19,3,-0.2367753582200355,-0.1809045769349495,-0.1584922903910595,-0.7937901159741625,0.1439736534107778,-0.1685198697040175,0.4615911389694482,1.4916533808633443,-0.2536769030104192,-0.9134170440756644
19,4,-0.2367753348995006,-0.1809050194653996,-0.2326869022426661,-0.7937901159741625,0.2016273981529793,-0.1685198705090947,0.4615911389694482,0.7675946527863828,-0.2075827052120832,-0.9271184188791888
19,5,-0.2367753815405704,-0.1809059259805705,-0.1719966629978829,-0.8025023781476435,0.1360411737522902,-0.1685198696510824,0.4615911389694482,0.636621572280994,-0.2588951140819299,-0.9161573190363688
