f_id,i_id,ic.eps.max,ela_meta.lin_simple.intercept,ela_meta.quad_w_interact.adj_r2,ic.eps.ratio,ela_distr.skewness,ela_level.mmce_lda_10,nbc.dist_ratio.coeff_var,nbc.nb_fitness.cor,nbc.nn_nb.cor,nbc.nn_nb.sd_ratio
17,1,-0.2367749596641213,-0.1809048233888875,0.0931010347297078,-0.6894078763522263,0.6324676670216414,-1.3148261004742392,0.1496386246044167,0.9550752073567228,-0.3033218247021036,-0.368696572539326
17,2,-0.2367760298530576,-0.1809049336062822,-0.1885350513836682,-1.0049578808034598,0.7825182821207084,0.6212415990746014,0.2820528283804779,0.8273709430200933,-0.295983908039722,-0.2849964200029022
17,3,-0.2367758933800088,-0.1809044971485542,0.2500420686157859,-0.9435729624961712,0.1673967139220367,-0.1267845575692685,0.5063462755929802,0.6912417445779206,-0.144333630350499,-0.7154543473330809
17,4,-0.2367759369542688,-0.1809048864407819,-0.0241281990839816,-0.961130275079069,0.7594489209818075,-0.019923678048716,0.4144670321565331,0.9098466137374996,-0.9686262687580486,-0.8390117153630431
17,5,-0.2367761035842834,-0.180905212850103,-0.1581952361283638,-1.066299015288846,1.662162385161578,0.4986658843304382,0.5117509369715949,1.4703264405482657,-1.3844415462930146,-1.0642049829015123
