f_id,i_id,ic.eps.max,ic.eps.ratio,ela_distr.skewness,ela_meta.quad_w_interact.adj_r2,ela_meta.lin_simple.coef.max,ela_meta.lin_simple.intercept,ela_level.mmce_lda_10,ela_level.mmce_mda_10,nbc.nn_nb.mean_ratio,ic.eps.s
7,1,-0.2367550029078456,-0.2204845117173326,-0.1710001682145049,0.7149149015727855,-0.1685189116705242,-0.1809021292366527,0.7679388143996063,0.3228117022481467,0.2390550851886967,-0.2677205525278814
7,2,-0.2367592647935384,-0.2635954958330865,-0.1609696346935546,0.7118670953804791,-0.1685191941845177,-0.1809029379331771,1.1396634955511693,0.9777919676791696,0.3602718242583743,-0.3086276784100674
7,3,-0.2367600054706555,-0.2635954958330865,-0.0607246335202682,0.7105838085626661,-0.1685194802909078,-0.18090309728705,0.7710890235619142,0.6941621205952003,0.3913530394044487,-0.2922403083014194
7,4,-0.236764335720646,-0.3411608129084837,-0.2345620753683161,0.7032049093602405,-0.1685195246557226,-0.1809033952875261,0.0717425895310194,-0.1684234968251205,0.5374347505909804,-0.3904419301744391
7,5,-0.2367626493161131,-0.3153200631887512,-0.2255119699358797,0.7054506612914133,-0.1685192810087379,-0.180903171422387,0.7301363044519972,0.3988361973428188,0.4441911051527706,-0.3577080562167659
