f_id,i_id,ic.eps.max,ela_meta.lin_simple.intercept,ela_meta.quad_w_interact.adj_r2,ic.eps.ratio,ela_distr.skewness,ela_meta.lin_simple.coef.max,ela_level.mmce_lda_10,nbc.nn_nb.cor,nbc.nn_nb.mean_ratio,ic.eps.s
23,1,-0.2367760048055312,-0.1809049887091736,-3.0654310404398584,-1.0199562119114447,-0.3928279323367544,-0.1685198789810043,0.461591138969449,-2.504320072221637,-3.4786368630599847,-1.082373027640464
23,2,-0.2367760048055312,-0.1809049998589413,-3.063932581801499,-1.0199562119114447,-0.3912099658433949,-0.1685198790095276,0.461591138969449,-1.7794649324291263,-3.528080794095762,-1.082373027640464
23,3,-0.2367760048055312,-0.1809052127229344,-3.069739109025143,-1.0111742560215304,-0.3862502180880497,-0.1685198790159518,0.461591138969449,-2.180112136968986,-3.4748334837495403,-1.082373027640464
23,4,-0.236775995541209,-0.1809053635172639,-3.0695518016953485,-1.0155652339664878,-0.3952473214857032,-0.1685198790002768,0.461591138969449,-2.201198831944769,-3.4900470009913183,-1.082373027640464
23,5,-0.2367760048055312,-0.1809050723061948,-3.068240650386783,-1.0111742560215304,-0.3921626003207935,-0.1685198789838309,0.461591138969449,-1.977152697827089,-3.482440242370429,-1.082373027640464
