f_id,i_id,ic.eps.max,ela_meta.lin_simple.intercept,ela_meta.quad_w_interact.adj_r2,ic.eps.ratio,ela_distr.skewness,ela_meta.lin_simple.coef.min,ic.eps.s,ela_level.mmce_lda_10,nbc.nn_nb.cor,ela_meta.lin_simple.coef.max
2,1,-0.0274061441549816,-0.1525078587791026,0.7214903298625315,1.6940929773816118,-0.2629906751731992,-0.1338413802204449,1.5847688980450834,0.546961359598777,-0.9196113914262072,-0.1433847080207421
2,2,-0.0227047827242009,-0.1584796658552612,0.7198857374451204,1.7032086943293074,-0.2333515783687263,-0.133861339106501,1.5590032895157435,0.4501480312153982,-0.6616419319512183,-0.1517071564044683
2,3,0.0242576307601857,-0.1427427445401347,0.7189229819946734,1.7488328576525234,-0.2874810547029267,-0.1337962104552057,1.6276829981080931,-0.3961878394909151,-0.4961520900238704,-0.1353301137170817
2,4,0.0360976861897486,-0.1572134639684654,0.7176393080607446,1.7397171407048275,-0.3786933745174049,-0.1336556681533747,1.5247063064484028,0.4782551265525078,-0.1116315749573861,-0.1592697753986797
2,5,-0.0180034212934202,-0.1430999679610416,0.7198857374451204,1.7306014237571326,-0.2455514715006744,-0.13378094694642,1.6534486066374328,-0.1151168861198146,-0.5594276178196216,-0.1352021556796009
