f_id,i_id,ic.eps.max,ela_meta.lin_simple.intercept,ic.eps.ratio,ela_distr.skewness,ela_meta.quad_w_interact.adj_r2,ela_meta.lin_simple.coef.max,ic.eps.s,ela_level.mmce_mda_10,ela_level.mmce_lda_10,nbc.nn_nb.mean_ratio
9,1,-0.2331615180385523,-0.1805940123762033,0.8173610555169816,0.1328929875400524,-0.1517570477413707,-0.1684879542891471,0.7576478537865651,0.6603587574128997,0.4615911389694482,1.0319130296123806
9,2,-0.2331615180385523,-0.1806009201203666,0.808644065717679,0.1328628298249114,-0.1115767630537752,-0.1684793005118486,0.749396582712776,0.6603587574128997,0.4615911389694482,1.0255843005629746
9,3,-0.2329985973073141,-0.1805929553516382,0.8173610555169816,0.1265900250755966,-0.1785968426512666,-0.1684825751289147,0.7576478537865651,0.6603587574128997,0.4615911389694482,0.9971050198406478
9,4,-0.2331615180385523,-0.1806028722577958,0.808644065717679,0.1219005003711808,-0.086166306334347,-0.1684876741868581,0.749396582712776,0.6603587574128997,0.4615911389694482,1.0224199360382715
9,5,-0.2329985973073141,-0.1805955442994976,0.8173610555169816,0.1587984648461171,-0.1220585764505392,-0.1684797016105517,0.7576478537865651,0.6603587574128997,0.4615911389694482,1.0414061231864895
