f_id,i_id,ic.eps.max,ela_meta.lin_simple.intercept,ela_meta.quad_w_interact.adj_r2,ela_distr.skewness,ic.eps.ratio,ela_meta.lin_simple.coef.max,ela_level.mmce_lda_10,nbc.nn_nb.cor,disp.ratio_mean_02,nbc.dist_ratio.coeff_var
1,1,-0.2367751662151426,-0.1809047046146023,0.7243551490866048,-0.4103236491488249,-0.8012695708938545,-0.168519846374189,0.3624464232550511,2.2873710244597354,-1.4482241545916128,-1.33934406458495
1,2,-0.2367748582988934,-0.1809040864153039,0.7243551490866048,-0.4459425148797571,-0.7576905240990879,-0.1685198364935562,-1.7211418913999557,1.4430192184337969,-1.0695774694351383,-0.9771284944750444
1,3,-0.2367749256835256,-0.1809051517843103,0.7243551490866048,-0.4429465355192115,-0.766441161867068,-0.1685198364568099,-1.4212072794894333,1.412222192074193,-1.094220307517913,-1.0047785379948846
1,4,-0.2367750515079273,-0.1809050414175644,0.7243551490866048,-0.431416554343778,-0.7838553663804613,-0.1685198372747354,-0.7224234496127903,1.245404965959647,-1.2425512367469198,-1.1540887730020213
1,5,-0.2367750515079273,-0.1809048357560829,0.7243551490866048,-0.4209306265818681,-0.7838553663804613,-0.1685198402856161,-0.7000878934066873,2.151350824704797,-1.305106133418577,-1.1706787991139254
