f_id,i_id,ic.eps.max,ela_meta.lin_simple.coef.max,ic.eps.s,ela_meta.lin_simple.intercept,ela_distr.skewness,ela_meta.lin_simple.coef.min,ic.eps.ratio,ela_meta.quad_w_interact.adj_r2,ela_level.mmce_mda_10,ela_level.mmce_lda_10
11,1,-0.0784687333715163,-0.1650227067356871,1.5956701242110114,-0.1663935570637434,0.1510832370023297,-0.1328423537382509,1.6594280494025335,0.7110996199390933,0.6620485532704378,0.4631485396267038
11,2,-0.0784687333715163,-0.1667328128684827,1.5870869730379622,-0.1666699831895948,0.1494245493457175,-0.1334770067795376,1.6548848857641476,0.7110996199390933,0.6620485532704378,0.4631485396267038
11,3,-0.0638695413742752,-0.155591846118837,1.6300456446590743,-0.1601876288229745,0.1082438585256468,-0.1286955623746236,1.68673246286923,0.7030795525930098,0.673774347760827,0.4662753496570587
11,4,-0.0560494198238157,-0.1546082055576388,1.638628795832124,-0.1578011591151096,0.0667615881316466,-0.1314466464119769,1.704905117422772,0.7008339337361063,0.7822379467969318,0.6038549909926879
11,5,-0.0784687333715163,-0.1662146670684659,1.5870869730379622,-0.1665322224838969,0.1781047668264113,-0.1330878414422953,1.6548848857641476,0.7096560078167984,0.6620485532704378,0.4631485396267038
