f_id,i_id,ic.eps.max,ic.eps.ratio,ela_meta.lin_simple.intercept,ela_meta.quad_w_interact.adj_r2,ela_distr.skewness,ela_meta.lin_simple.coef.max,ela_level.mmce_lda_10,ela_level.mmce_mda_10,nbc.nn_nb.mean_ratio,nbc.nb_fitness.cor
14,1,-0.2367740556135196,-0.6184726344374141,-0.1809047767285869,0.5716761193741715,0.1035132927031257,-0.1685197336433649,-0.7261190356806312,-0.9758307888754136,0.2798986198929893,0.7440947172956607
14,2,-0.2367739487437086,-0.6011304762217763,-0.1809049460814998,0.5140673699820573,0.1075714260052469,-0.1685196750117498,-0.1181357110030225,-0.4686954891346385,0.2395312229472,0.8187669742568858
14,3,-0.2367746803056869,-0.6792568989832248,-0.1809046723745938,0.5017796311920495,0.1039960446201066,-0.1685197691888202,0.5587941762668927,0.3051988411056193,0.4475785764370294,0.5161247092787444
14,4,-0.2367746029113279,-0.6705858198754059,-0.180904708421207,0.3391665685035054,0.3705505327806249,-0.1685197772043875,0.3080794032039609,0.0706854076994804,0.4165267326325745,0.7467302087178218
14,5,-0.2367739487437086,-0.6011304762217763,-0.1809047156687759,0.5397599147248008,0.1802557615056926,-0.1685196676774016,-0.8734139648551029,-1.022733475556641,0.2985297261756582,0.8293089399455301
