f_id,i_id,ic.eps.max,ela_meta.lin_simple.intercept,ela_meta.quad_w_interact.adj_r2,ic.eps.ratio,ela_meta.lin_simple.coef.max,ela_distr.skewness,ela_level.mmce_lda_10,nbc.nb_fitness.cor,disp.ratio_mean_02,ic.eps.s
3,1,-0.2367688768760997,-0.1809046030260021,0.6538214114089367,-0.4266472754122636,-0.1685196213885734,-0.1931554542911531,0.5986614199269173,-0.299553997719068,-0.829989384491544,-0.4108390017278034
3,2,-0.2367626678644362,-0.1809008160218622,0.6978978656472167,-0.2110847763599393,-0.1685158081743384,-0.1364693643855998,0.2427945724839695,0.8605599781478612,-0.7667708842117684,-0.0511346143402129
3,3,-0.2367428970372374,-0.1809002500099591,0.6886017407533248,-0.090404232434942,-0.1685173559060362,-0.2410022550310187,-1.4263154199475547,0.1633572201804474,-0.527842140507328,-0.1165168491503324
3,4,-0.2367638178328583,-0.1809028874434358,0.681870064106024,-0.2541972761704042,-0.1685187041736332,-0.0847006947326304,0.1798092897507044,0.2527981246756411,-0.7439936304344973,-0.2064429459972301
3,5,-0.236765111132036,-0.1809033037331149,0.677061723643666,-0.3318083897153169,-0.1685193919079167,-0.2306545547449065,0.6049599482002431,-0.3623807794132528,-0.8620634765452526,-0.3699597905816889
