f_id,i_id,ic.eps.max,ela_meta.lin_simple.intercept,ic.eps.ratio,ela_meta.quad_w_interact.adj_r2,ela_distr.skewness,ela_meta.lin_simple.coef.max,ela_level.mmce_lda_10,nbc.nn_nb.cor,ela_level.mmce_mda_10,nbc.nn_nb.sd_ratio
18,1,-0.236770051721751,-0.1809040693641669,-0.3975105236220577,0.0958938739343787,0.7255823625048332,-0.1685193704365163,-1.310593571161827,-0.4841510009761005,-1.2698459207354371,-0.3543499536958348
18,2,-0.2367747300978468,-0.1809047683052934,-0.7144939382034495,-0.204781879513669,0.7735647061874101,-0.1685198118405738,0.6186303293496953,-0.64526578953313,0.744230451664866,-0.5966862856652506
18,3,-0.2367741335181082,-0.1809042581460234,-0.645007426140041,0.2023137127141953,0.1814444554084047,-0.1685197660352027,-0.0757645924956573,-0.7307054501315465,-0.0807775084582898,-0.6165499194332356
18,4,-0.2367744128959824,-0.1809046690783749,-0.671075711876688,-0.0365750000094521,0.8400455262689057,-0.1685197679812127,0.0624859801794359,-1.0504938940856448,0.0748289751236577,-0.8310771641274728
18,5,-0.2367751621347088,-0.1809050656740654,-0.7665871348252683,-0.1488717552591982,1.6633352753021713,-0.1685197944436603,0.4489591719757173,-0.5671495284145679,0.682575052509755,-0.477504483057341
