f_id,i_id,ic.eps.max,ic.eps.ratio,ela_meta.lin_simple.intercept,ela_distr.skewness,ela_meta.quad_w_interact.adj_r2,ela_level.mmce_mda_10,ela_meta.lin_simple.coef.max,ic.eps.s,ela_level.mmce_lda_10,pca.expl_var_PC1.cov_init
24,1,-0.2367730660640321,-0.599151443868784,-0.1809042468254812,-0.4380757716791191,0.3206365873852592,0.6066661539479747,-0.168519852582998,-0.6845295607974207,0.4681385084714937,0.3912436378177615
24,2,-0.2367729922902137,-0.599151443868784,-0.1809042619961626,-0.4459914867993163,0.3112504486096573,0.5949706495342476,-0.1685198544858376,-0.6886675304566087,0.4681385084714937,0.3908266361694311
24,3,-0.2367731398378505,-0.599151443868784,-0.1809043914212848,-0.4440087742166282,0.3161821486442957,0.5715796407067828,-0.1685198534348432,-0.6803915911382326,0.4650134182947817,0.3920776411144215
24,4,-0.2367729922902137,-0.599151443868784,-0.1809040956167497,-0.4458249994832127,0.3209547615810422,0.5891228973273812,-0.1685198530075073,-0.6886675304566087,0.4618883281180699,0.3920776411144215
24,5,-0.2367729922902137,-0.599151443868784,-0.1809046310091287,-0.4516823259679475,0.3139549292738138,0.5949706495342476,-0.1685198529872069,-0.6886675304566087,0.4743886888249183,0.3912436378177615
