f_id,i_id,ic.eps.max,ela_meta.lin_simple.intercept,ic.eps.ratio,ela_distr.skewness,ela_meta.quad_w_interact.adj_r2,ela_meta.lin_simple.coef.max,ela_level.mmce_lda_10,nbc.nn_nb.cor,nbc.nn_nb.sd_ratio,ela_meta.lin_simple.coef.min
15,1,-0.2367660084802385,-0.1809017035054816,-0.3344595784072403,0.2296776070900451,0.3044489168430508,-0.1685193824484208,0.286854874633788,0.7695530262317912,0.8736413496103002,-0.1341096024035846
15,2,-0.2367650521893236,-0.1809027307375117,-0.3086042850414395,1.4917649139306493,0.2224060710675055,-0.1685187616886913,-0.1068302109357888,0.4009004206284629,0.5240701677885392,-0.1341096182442641
15,3,-0.2367586932870748,-0.1809017585998785,-0.2136722662333407,1.6468905712357371,0.1209654981899901,-0.1685179674357295,-0.6536150520046453,0.4106660525649704,0.4142049392159858,-0.1341076541915944
15,4,-0.2367676758876659,-0.1809035683944886,-0.3948747805719949,0.0632403828803337,0.4373710468204844,-0.1685194255186365,0.3243486923070812,0.8086155539778398,0.8276977085708643,-0.1341096485702382
15,5,-0.2367670839933827,-0.1809037274039489,-0.3603579639286507,0.5932196551555166,0.1214424914793828,-0.1685195047754395,0.6149257792751023,1.0283422725493594,1.1193399516907332,-0.1341096495607902
