f_id,i_id,ic.eps.max,ela_meta.lin_simple.intercept,ela_meta.quad_w_interact.adj_r2,ic.eps.ratio,ela_distr.skewness,ela_level.mmce_mda_10,ela_level.mmce_lda_10,ela_meta.lin_simple.coef.max,disp.diff_mean_25,nbc.nb_fitness.cor
21,1,-0.236776236064218,-0.1809048183447841,-1.8280755736637937,-1.1549908093609564,-1.3615505918025366,0.6603587574128997,0.461591138969449,-0.1685198778125789,0.732137299693526,-2.218082483229626
21,2,-0.2367762280138415,-0.1809048877091114,-1.8380297194552253,-1.1549908093609564,-1.3555833517097189,0.6603587574128997,0.461591138969449,-0.1685198778249133,0.782957601077814,-2.210917906063422
21,3,-0.2367762195375192,-0.1809054903458956,-1.6750516714124617,-1.1372811328277204,-1.2969419399075233,0.6603587574128997,0.461591138969449,-0.1685198782018837,0.4244914551326942,-2.272533269692776
21,4,-0.2367762280138415,-0.1809049382528995,-1.6991778213815247,-1.1549908093609564,-1.3442112292291648,0.6603587574128997,0.461591138969449,-0.1685198775676895,0.5294519770871783,-2.188468897609316
21,5,-0.2367762106778455,-0.1809040459256919,-1.7643015548644514,-1.1461580529852775,-1.3047680846365854,0.6603587574128997,0.461591138969449,-0.1685198783303671,0.4055934536129086,-2.3169536481232416
