f_id,i_id,ic.eps.max,ic.eps.ratio,ela_meta.lin_simple.intercept,ela_meta.quad_w_interact.adj_r2,ic.eps.s,ela_meta.lin_simple.coef.max,nbc.nn_nb.cor,nbc.nn_nb.sd_ratio,ela_distr.skewness,nbc.nb_fitness.cor
5,1,-0.2367753826113506,-0.8497156522043285,-0.1809046651914085,0.7243551490866048,-0.9372998792831416,-0.1685198255683781,0.3729268996475462,-0.5911780165685245,-0.5492385402993943,0.2939352027964866
5,2,-0.2367753826113506,-0.8497156522043285,-0.1809035811930182,0.7243551490866048,-0.9372998792831416,-0.1685198255683781,0.2883045763257864,-0.774809249218627,-0.5463869337818512,0.3113387879332957
5,3,-0.2367753826113506,-0.8497156522043285,-0.1809045414734924,0.7243551490866048,-0.9372998792831416,-0.1685198255683781,0.087628781019899,-0.639081816390289,-0.5516047669841642,0.2682649147196931
5,4,-0.2367753826113506,-0.8497156522043285,-0.1809031156538418,0.7243551490866048,-0.9372998792831416,-0.1685198255683781,-0.0526024976275884,-0.8965647404322751,-0.5527575440870007,0.2913246650259645
5,5,-0.2367753826113506,-0.8497156522043285,-0.1809047112108231,0.7243551490866048,-0.9372998792831416,-0.1685198255683781,-0.2025048989404195,-0.8965647404322751,-0.5544867097412557,0.2917597546543847
