f_id,i_id,ic.eps.max,ela_meta.lin_simple.coef.max,ic.eps.ratio,ela_distr.skewness,ela_meta.quad_w_interact.adj_r2,ic.eps.s,ela_meta.lin_simple.intercept,ela_level.mmce_mda_10,ela_level.mmce_lda_10,nbc.nn_nb.mean_ratio
10,1,0.076723977470156,-0.147087120623198,1.7707193738240794,-0.0780292923051701,0.6941932107037848,1.6634176885525152,-0.1396351924797605,0.4502490302306561,0.8901271919289354,-0.2368554136035189
10,2,0.0439413922133733,-0.1519478985456689,1.761543896938773,-0.0354090214482148,0.6957968115086954,1.6590901849421196,-0.1444777829271875,1.1385913438033723,1.5933158297958738,-0.2399563212269708
10,3,-0.0347495772425757,-0.157781467082183,1.7067192813205982,0.1050403748388017,0.7041355356942294,1.6289268388815998,-0.1569922290194889,0.9503267794074152,0.7032437251084483,-0.1872408916282819
10,4,0.1378390762525399,-0.1405256055446467,1.807238684810374,0.1044976335049317,0.6901842086915089,1.7539292566027822,-0.1297030135168109,-0.2175018466112522,0.0634054149772702,-0.3143781041898229
10,5,-0.0347495772425757,-0.1646163902874188,1.688459625827451,0.1319965277543433,0.706540936901595,1.603047936694059,-0.1592267942705232,0.8561944972094376,0.722248823429177,-0.1407272772764968
