f_id,i_id,ic.eps.max,ela_meta.lin_simple.intercept,ela_meta.quad_w_interact.adj_r2,ic.eps.ratio,ela_meta.lin_simple.coef.max,ela_distr.skewness,ic.eps.s,ela_level.mmce_lda_10,nbc.nn_nb.cor,nbc.nb_fitness.cor
4,1,-0.2367579584034974,-0.1809022733676029,0.5875205820551546,-0.0817761868727473,-0.168517645123717,0.0227862023020505,-0.0256241772020061,0.4664065892089651,0.6300931235993134,0.2968091927169004
4,2,-0.2367032999400282,-0.1808960377631171,0.7089516715211897,0.0818225596715658,-0.1685130563290897,-0.1303518958419062,0.0968490626992709,0.1039327237823645,0.2830079283963021,0.4224603777719753
4,3,-0.2367587340932654,-0.1809021185390844,0.655124697826483,-0.2109263014554422,-0.168518343799639,-0.1041806280354572,-0.180765104469558,0.4757809133148262,0.3825218654824799,0.2614697969201607
4,4,-0.2367575522855416,-0.1808997443252081,0.6724262250854958,-0.0257810322984318,-0.1685156920887555,-0.1028539739070197,0.0070435101642684,0.6288948737105451,0.3873762038769278,0.4752513270485866
4,5,-0.236763268583718,-0.1809001362990629,0.6801157927561684,-0.0559289611437429,-0.1685155934928855,-0.0088273625540114,0.0396704139008724,0.4601570398050589,0.6640734923604469,0.7234996752997592
