f_id,i_id,ic.eps.max,ela_meta.lin_simple.intercept,ic.eps.ratio,ela_distr.skewness,ela_meta.lin_simple.coef.max,nbc.nn_nb.cor,nbc.nn_nb.sd_ratio,nbc.dist_ratio.coeff_var,nbc.nb_fitness.cor,nbc.nn_nb.mean_ratio
20,1,-0.2351266693501529,-0.1807230922676549,0.641003126061256,-0.1741196388717172,-0.1684534651808026,1.0006172131063502,1.0229358055592828,-0.7620730341741185,0.2236557770601215,0.7066504476978365
20,2,-0.2351977292567631,-0.1807211482361263,0.6323314857691115,-0.1771210729814689,-0.1684536097163729,0.755043395386365,0.8133723894152436,-0.7184853940472751,0.2119186400112322,0.6722374196589673
20,3,-0.2351266693501529,-0.1807222043226378,0.6323314857691115,-0.1733956748653449,-0.1684535199702238,0.7378532281459707,1.0451011668822103,-0.7457276691265486,0.1927914537093366,0.6972650764145085
20,4,-0.2350522570910152,-0.1807223856352163,0.641003126061256,-0.1767289258113505,-0.1684532823487076,1.2290008635859415,1.3392959626228809,-0.7593488066661854,0.2132227663499972,0.7129073618867288
20,5,-0.2351266693501529,-0.1807217998234563,0.641003126061256,-0.1667744207237319,-0.1684540592444863,0.6740040355387746,0.8516580135184818,-0.7293823040789849,0.1923567449297481,0.6847512480367379
