f_id,i_id,ic.eps.max,ela_meta.lin_simple.intercept,ela_distr.skewness,ic.eps.ratio,ela_meta.quad_w_interact.adj_r2,ela_level.mmce_lda_10,ela_level.mmce_mda_10,ela_level.qda_mda_50,nbc.dist_ratio.coeff_var,nbc.nn_nb.mean_ratio
12,1,43.56110406338989,159.01031144806976,7.332684279713785,2.644165155394493,-1.0129874573010216,0.2273020583151252,0.0254058068431481,0.3148839508738531,-0.7082030416451013,0.6438256401281603
12,2,87.35731775269015,209.4913008226771,3.5854343501803325,2.752907319616893,-0.2208673737296204,-0.5413291818467534,-0.6639435204020611,0.3465234569090352,-0.4643606770068177,0.4072961699843958
12,3,61.727512264806485,896.8873792243731,7.764194952228296,2.8814028288388203,-0.8126200857342225,-1.118586929560169,-1.1860889682729043,0.4927363257079813,-0.372242450365688,0.3294904232265807
12,4,52.45910589403308,579.0817565422936,8.154024410618344,2.792463392978447,-0.8898332562736404,-0.3248575264542281,-0.4586054229247627,0.2223623650437002,-0.4887449134706456,0.4321940089468944
12,5,69.29562115997405,277.9965194822193,7.6021396652313316,2.7627839921166566,-1.0819796013320673,-0.5444664522147608,-0.6727437245796594,0.2456126081150082,-0.5727350612904993,0.5193364453156534
