f_id,i_id,ic.eps.max,ic.eps.ratio,ela_meta.quad_w_interact.adj_r2,ela_meta.lin_simple.intercept,ela_distr.skewness,ela_meta.lin_simple.coef.max,ic.eps.s,ela_level.mmce_lda_10,ela_level.mmce_mda_10,nbc.nn_nb.mean_ratio
8,1,-0.231748540587892,0.8623085779996786,0.7029379041860365,-0.1804319501490467,-0.2540636523968677,-0.1683112370380478,0.75019292822351,0.0478080058025824,-0.0555402945535973,0.798825425210279
8,2,-0.230370843177913,0.9104303384678224,0.7117600560765862,-0.1802781048002057,-0.2791575031544828,-0.1682725661992343,0.7915066964558553,-0.2856826469189377,-0.4574666395447498,0.7423934877935399
8,3,-0.2296219348955736,0.9323277063102746,0.7127224726464646,-0.1802126370584698,-0.3129481397342317,-0.1683166902064936,0.7915066964558553,-0.4197022550219783,-0.515716834471004,0.7173126267194367
8,4,-0.2312880057355265,0.8842059458421309,0.7042211262792073,-0.1803931928833676,-0.298710172667787,-0.1683452813796859,0.75019292822351,-0.1547797738880605,-0.2623284865417992,0.7894201023074903
8,5,-0.2312880057355265,0.8842059458421309,0.7056647511340247,-0.1803756691978126,-0.2760018985766599,-0.1683615773790918,0.75019292822351,-0.3947683744446685,-0.5011542857394404,0.7800147794047017
