f_id,i_id,ic.eps.max,ela_meta.lin_simple.intercept,ela_meta.quad_w_interact.adj_r2,ic.eps.ratio,ela_meta.lin_simple.coef.max,ela_distr.skewness,ela_level.mmce_lda_10,ela_level.mmce_mda_10,nbc.nb_fitness.cor,ela_level.lda_mda_25
22,1,-0.2367763566025443,-0.1809065050710766,-1.2964844334288543,-1.3330926016707263,-0.1685198778278852,-1.7955547605281943,0.4684383026093663,0.6512814749289376,-1.517653401801662,-0.3609603800097036
22,2,-0.2367763591582193,-0.1809032455886906,-1.322230598154006,-1.3420490002250094,-0.1685198777161046,-1.699384982861556,0.4809401370953441,0.6424955161876191,-1.4762545829875284,-0.3619535003432392
22,3,-0.2367763591582193,-0.1809049552673914,-1.5590623057219075,-1.3420490002250094,-0.168519878178388,-1.7142577508030246,0.4621873853663782,0.6659247394978021,-1.5399450734708109,-0.417297388021171
22,4,-0.236776360372165,-0.1809043901695924,-1.2689228340115446,-1.3330926016707263,-0.1685198775066766,-1.6823396086472198,0.493441971581322,0.6571387807564836,-1.4303064434245885,-0.3628563370100895
22,5,-0.2367763511504374,-0.1809047915340943,-1.4880953132102717,-1.3152689229557355,-0.168519878225156,-1.7056791510344222,0.4621873853663782,0.660067433670257,-1.6609570053890494,-0.4197350470216671
