f_id,i_id,ic.eps.max,ela_meta.lin_simple.intercept,ic.eps.ratio,ela_meta.quad_w_interact.adj_r2,ela_distr.skewness,ela_meta.lin_simple.coef.max,ela_level.mmce_lda_10,nbc.nn_nb.cor,ela_level.mmce_mda_10,nbc.nn_nb.mean_ratio
16,1,-0.2367745345064004,-0.1809047736291346,-0.7095947326070021,-3.066400344703736,-0.3078582327118194,-0.168519877884478,0.4615911389694482,-2.1041258376707157,0.6603587574128997,-3.5206288221265614
16,2,-0.2367745345064004,-0.1809054687434336,-0.7009067364217036,-3.06864817846629,-0.3124950059291598,-0.1685198779554009,0.4615911389694482,-2.3075034619442807,0.6603587574128997,-3.49778479459913
16,3,-0.2367745345064004,-0.1809047284239407,-0.7095947326070021,-3.06864817846629,-0.3100935500934689,-0.1685198780892806,0.4615911389694482,-2.067148087802793,0.6603587574128997,-3.478748104992937
16,4,-0.2367745345064004,-0.1809057340881369,-0.7009067364217036,-3.0673369421048,-0.3153042561520436,-0.1685198780990454,0.4615911389694482,-2.323351069030538,0.6603587574128997,-3.5244361600478
16,5,-0.2367745345064004,-0.1809049831810824,-0.7095947326070021,-3.0693974563871413,-0.3101841710684006,-0.1685198779733886,0.4615911389694482,-2.0301703379348783,0.6603587574128997,-3.4863627808354143
