f_id,i_id,log_precision
24,1,1.7966718100096966
24,2,1.7222268844266178
24,3,1.7796915491233578
24,4,1.7492852171197502
24,5,1.7405794327056736
