f_id,i_id,log_precision
19,1,0.6087990409765113
19,2,0.6150204120128571
19,3,0.5881078886471419
19,4,0.6193346485215365
19,5,0.6182661202560122
