f_id,i_id,log_precision
15,1,1.6390175511900709
15,2,1.5955675764626995
15,3,1.7402769275152392
15,4,1.6468039454165608
15,5,1.6484166433936511
