f_id,i_id,log_precision
7,1,1.3509142460675316
7,2,1.27952984026799
7,3,1.2802108717728478
7,4,1.2593439816779306
7,5,1.2772510915793267
