f_id,i_id,log_precision
2,1,3.516764059948984
2,2,3.686548934369819
2,3,3.79322252316644
2,4,3.651295769900864
2,5,3.8886643340601
