f_id,i_id,log_precision
13,1,2.2617918805286723
13,2,2.4842358223279875
13,3,2.383999704905788
13,4,2.317258266550036
13,5,2.3096756298077903
