f_id,i_id,log_precision
4,1,1.803460792631541
4,2,1.8459531854337832
4,3,1.746316474230038
4,4,1.9194974592217768
4,5,1.8110695354247688
