f_id,i_id,log_precision
8,1,2.0619046628743263
8,2,2.169655039357204
8,3,2.3711469438082005
8,4,2.514100067836386
8,5,2.4586828973694086
