f_id,i_id,log_precision
22,1,0.9924663872937376
22,2,1.0355940320893413
22,3,1.0021223286643517
22,4,1.0172528752058174
22,5,1.002700770518086
