f_id,i_id,log_precision
9,1,1.976265988937672
9,2,2.065614451443873
9,3,2.119344816639051
9,4,1.9918496616578016
9,5,2.275319653581437
