f_id,i_id,log_precision
6,1,1.6493394414929283
6,2,1.6061982064729066
6,3,1.9266730135246604
6,4,1.6933957841988074
6,5,1.7004953038873554
