f_id,i_id,log_precision
17,1,0.4656720217485686
17,2,0.4224987604964458
17,3,0.4437234585724304
17,4,0.5002396619487102
17,5,0.396804379721481
