f_id,i_id,true,predicted
22,1,1.3715949299499186,1.9680046552613284
