f_id,i_id,true,predicted
12,1,0.3022095812165126,0.962915403543855
