f_id,i_id,true,predicted
20,1,0.8003123094780414,3.0363257995504354
