f_id,i_id,true,predicted
18,1,1.6353478084174975,2.497330388234796
