f_id,i_id,true,predicted
30,1,2.933068645414255,2.357853579856331
