f_id,i_id,true,predicted
24,1,2.580712446547357,0.9139142117383965
