f_id,i_id,true,predicted
4,1,1.5536436726846008,0.8632753215059548
