f_id,i_id,true,predicted
27,1,2.667951718945632,1.9214827709611217
