f_id,i_id,true,predicted
23,1,0.0015853403916719,1.9440166302814865
