f_id,i_id,true,predicted
1,1,5.295017799277915,2.218925052464885
