f_id,i_id,true,predicted
5,1,1.3292713091730806,0.7658354524585272
