f_id,i_id,true,predicted
2,1,3.308919872305561,0.6086263342193946
