f_id,i_id,true,predicted
13,1,0.1323441933542007,1.2700884197310351
