f_id,i_id,true,predicted
10,1,1.83506092385776,1.6972040858919304
