f_id,i_id,true,predicted
23,1,0.4673758256154829,0.924809450090701
23,2,0.4532745592833218,0.9262977790694873
23,3,0.4563889680265083,0.926048642322451
23,4,0.4523540621888977,0.926048642322451
23,5,0.4657222621024411,0.926048642322451
