f_id,i_id,true,predicted
7,1,0.5506366626590655,0.7482055772330816
7,2,0.4963892770902541,0.9573369237865027
7,3,0.4904560692275209,0.9495394694458903
7,4,0.306199430921185,0.6006498133404979
7,5,0.2807019781211762,0.7142666941094369
