f_id,i_id,true,predicted
22,1,0.4705573161324236,0.29555304580109676
22,2,0.4705573161570435,0.3080348239170254
22,3,0.7826718365792472,0.3818520167082649
22,4,0.4753494781153064,0.48063297653853637
22,5,0.9280916676362416,0.5033852070685837
