f_id,i_id,true,predicted
19,1,0.6295243595456306,1.0406842573356025
19,2,0.6448650814804283,1.027346375676526
19,3,0.6244381355498505,1.0313241618637674
19,4,0.6205709845751651,1.0564609580714117
19,5,0.6223267827085126,1.0287482850190972
