f_id,i_id,true,predicted
17,1,0.0713542469042586,0.4810274871665694
17,2,0.0447356665110653,0.801818730382631
17,3,0.0574389512723294,0.36629163436463125
17,4,0.0926165205592905,0.5150526652438284
17,5,0.0456797744044007,0.6199938884144128
