f_id,i_id,true,predicted
4,1,0.9980249683554888,0.5775994439823164
4,2,0.9757601368911124,0.5775994439823164
4,3,0.9980249683770424,0.6349645043455543
4,4,0.95229188871074,0.5775994439823164
4,5,0.9980249683545674,0.5249548653740326
