f_id,i_id,true,predicted
21,1,0.4772477924017582,0.6588809198464632
21,2,0.4547433923695821,0.6588809198464632
21,3,0.4476260985842761,0.802198798853785
21,4,0.4819530380028929,0.8116718241202738
21,5,0.4859196264391481,0.6549621056414072
