f_id,i_id,true,predicted
16,1,1.0731270785918714,0.4794702381177557
16,2,1.10816105287277,0.4794702381177557
16,3,1.085775873552428,0.4794702381177557
16,4,1.0785798776084572,0.4794702381177557
16,5,1.075909659124014,0.4794702381177557
