f_id,i_id,true,predicted
15,1,1.6644648895010823,0.8144958202665229
15,2,1.6288634963401836,0.6853405461268103
15,3,1.6078125764843023,0.6938912883454438
15,4,1.5909003925304182,0.6359927743086159
15,5,1.6112739402028022,0.8313371241696655
