f_id,i_id,true,predicted
18,1,0.2693700130498064,0.2063032207527141
18,2,0.3389455264032417,0.5499056609356392
18,3,0.2510531977208307,0.19685473646174326
18,4,0.29021595987092,0.45869972417587485
18,5,0.3668385156560242,0.3384450344020646
