f_id,i_id,true,predicted
14,1,0.0005661202730624,0.47352616484074367
14,2,0.0006456406040488,0.5136984766326946
14,3,0.0005480353599086,0.613623178306421
14,4,0.0005350411409828,0.613623178306421
14,5,0.0007961619225647,0.5136984766326946
