f_id,i_id,true,predicted
11,1,1.9567095917670871,2.3009313143770926
11,2,1.8877947939030573,2.019902430861845
11,3,1.9771134265632515,1.5051096576937755
11,4,2.060926487413909,1.479861467731851
11,5,2.035658554230252,2.197438336858155
