f_id,i_id,true,predicted
10,1,4.067733461302073,0.48152949891753777
10,2,3.927460834363884,0.4953799964636365
10,3,3.904485481625008,0.713877469746181
10,4,4.052314119509936,0.4731786039848374
10,5,3.991577360634549,0.7802143598139963
