f_id,i_id,true,predicted
8,1,0.8661460477250377,0.7437814616480418
8,2,0.8709808915991545,0.6495462464324022
8,3,0.8690669765323842,0.6495462464324022
8,4,0.8458185588551986,0.7437814616480418
8,5,0.7276776573289306,0.6495462464324022
