f_id,i_id,true,predicted
12,1,0.6243826979182089,3.154157836564534
12,2,0.5088602078519195,3.2039165655121757
12,3,0.4968546294187015,3.1724302116891083
12,4,0.7438539651120188,3.171423207414386
12,5,1.1596974634039172,3.138282039244282
