f_id,i_id,true,predicted
6,1,0.1643793435747352,0.4500761073011835
6,2,0.1527709427088042,0.47194484849627727
6,3,0.4383141472269712,0.543828352476573
6,4,0.3708168004971982,0.443863051396647
6,5,0.257255754349509,0.44573265024558584
