f_id,i_id,true,predicted
13,1,0.8860598101633312,0.6347505364589044
13,2,0.8058394069905717,0.571754494645708
13,3,0.8185956460751938,0.7077892270690798
13,4,0.8326104436786558,0.7077892270690798
13,5,0.9240197982944868,0.7731598230892331
