f_id,i_id,true,predicted
2,1,5.6096702729649825e-09,1.7459182536409228
2,2,6.061811786015358e-09,1.585003225428316
2,3,6.0919049742465286e-09,1.9365446070805323
2,4,6.345231481696831e-09,1.636068546391857
2,5,5.5501874697443325e-09,1.8671396123640023
