f_id,i_id,true,predicted
3,1,0.7763226627198915,0.7590604466536325
3,2,0.8110567795299243,0.9185948353404487
3,3,0.7385675773937901,0.41220089405305876
3,4,0.776323028907528,0.6291003944735192
3,5,0.8110569485508499,0.7590604466536325
