f_id,i_id,true,predicted
1,1,5.5464875381679295e-09,0.9361478098011838
1,2,5.9154469366221475e-09,0.8799114302639947
1,3,5.604998299315346e-09,0.8675350223513207
1,4,5.107312757275018e-09,0.9000609961281771
1,5,5.7915802324058395e-09,0.8813536074344996
