f_id,i_id,true,predicted
5,1,0.0033014643340167,2.4154011306312366
5,2,0.0036858746512028,2.4154011306312366
5,3,0.004423318716268,2.4154011306312366
5,4,0.0017466175867438,2.4154011306312366
5,5,0.0059896113493453,2.4154011306312366
