f_id,i_id,true,predicted
9,1,0.955720938039271,0.938519355241947
9,2,0.9829779780688452,0.938519355241947
9,3,0.9561858712222032,0.938519355241947
9,4,0.9314169292578116,0.938519355241947
9,5,0.913738732796299,0.938519355241947
