f_id,i_id,true,predicted
7,1,1.264907131539305,1.6594425847518741
7,2,1.2661697139168584,1.8537983500821158
7,3,1.2929493195100012,1.8537983500821158
7,4,0.9615837632979256,1.8537983500821158
7,5,1.0344632619662582,1.8166033451752983
