f_id,i_id,true,predicted
1,1,0.00446834492162,0.6180892235326797
1,2,0.0015174206772425,0.5007169910912828
1,3,0.0028785125488409,0.5395507873468943
1,4,0.0027326896642012,0.5159595893155929
1,5,0.003953557661947,0.48128675375857455
