f_id,i_id,true,predicted
2,1,0.4911863999145448,3.783692258684173
2,2,0.3973067152847547,3.227668154765283
2,3,1.0190780312144687,4.541004088336618
2,4,0.3952854128226437,4.570504891309927
2,5,0.5543385055859913,4.541004088336618
