f_id,i_id,true,predicted
20,1,0.5317524284023395,1.6793279772356697
20,2,0.5269945089584078,1.6606046385821203
20,3,0.5415635991837412,1.6698863844086957
20,4,0.537627750376951,1.7138887609399853
20,5,0.5458720012763641,1.6606046385821203
