f_id,i_id,true,predicted
6,1,1.4540801148752325,1.7567179093756005
6,2,1.4949761625835587,1.7797390671086568
6,3,1.3892057851210926,1.7797390671086568
6,4,1.4492438641713468,1.7457319878727922
6,5,1.3831478735036158,1.7797390671086568
