f_id,i_id,true,predicted
11,1,2.1317479009844704,3.3698522221989062
11,2,2.0568599647335564,1.183390021693189
11,3,2.0646427029893832,4.230982007250634
11,4,2.095776494063313,4.219870090456382
11,5,2.037244025872633,1.1860053666968244
