f_id,i_id,true,predicted
23,1,0.4637278393590447,1.0806682770217626
23,2,0.445289111142353,1.0741396366902456
23,3,0.4666913203620846,1.0841055950550254
23,4,0.4473909376746462,1.087527190926672
23,5,0.4613216460087248,1.082793637916827
