f_id,i_id,true,predicted
16,1,1.0869794796679797,0.46563397408943535
16,2,1.0966117333816805,0.465256062762819
16,3,1.0838741555583922,0.45516620747086967
16,4,1.098880178989433,0.4737797722003046
16,5,1.0373452884397747,0.454794402049557
