f_id,i_id,true,predicted
19,1,0.8102025481349033,0.8464843773567451
19,2,0.803341191736551,0.8397509656383596
19,3,0.8246057096946642,0.8170630607161994
19,4,0.8246039751387759,0.8691722822789052
19,5,0.8065983491121052,0.8280912871843694
