f_id,i_id,true,predicted
3,1,1.588518187265833,1.7232990175526404
3,2,1.6107307981167185,1.7648084469430996
3,3,1.560980907353449,1.721919879289259
3,4,1.5941677548113025,1.7450197847066213
3,5,1.5792832466444646,1.7810686705732075
