f_id,i_id,true,predicted
8,1,1.869546818605282,1.795800593599229
8,2,1.7124470310317932,1.795800593599229
8,3,1.875485411313908,1.795800593599229
8,4,1.8477163500080789,1.795800593599229
8,5,1.8240889504122384,1.795800593599229
