f_id,i_id,true,predicted
10,1,4.339943152985812,1.443486918085382
10,2,4.331770438902518,1.4407995997407004
10,3,4.471777537030956,1.857271445209791
10,4,4.45141327360574,1.5617876514015927
10,5,4.537944233052587,1.7942963233968907
