f_id,i_id,true,predicted
5,1,0.1239705023300825,0.19025680398056422
5,2,0.1379758681969355,0.19025680398056422
5,3,0.1780651656911641,0.19025680398056422
5,4,0.1609502761442354,0.19025680398056422
5,5,0.2125489564161583,0.19025680398056422
