f_id,i_id,true,predicted
18,1,0.9523957742717244,1.7330050774262171
18,2,1.094557464902696,0.7171560091185546
18,3,0.9567864265732876,0.4564303866002476
18,4,0.7285334633719818,0.5441365735991954
18,5,1.1328545481734595,0.7318659333781813
