f_id,i_id,true,predicted
12,1,5.508481474861777,1.6031881753940798
12,2,4.721601660519329,1.6815856805738671
12,3,5.298826317815776,1.9191666056848518
12,4,5.438038813404898,1.7123776126032038
12,5,5.013253081895612,1.6155555322303
