f_id,i_id,true,predicted
17,1,0.4975324918281835,0.314885108993942
17,2,0.6153202083296939,0.8267507035983429
17,3,0.4529770864477538,0.6404263989216716
17,4,0.3925243560448064,0.7484888945658806
17,5,0.6110132320011353,0.8424864814159508
