f_id,i_id,true,predicted
14,1,0.0270197468343805,1.4094201127989185
14,2,0.040609714225661,1.4094201127989185
14,3,0.0616073140490532,0.9430281136444418
14,4,0.0372728191902756,0.9730785539782648
14,5,0.0328247432538263,1.4094201127989185
