f_id,i_id,true,predicted
22,1,0.4705573161324236,0.3925565092273763
22,2,0.4705573161570435,0.3925565092273763
22,3,0.7826718365792472,0.5278123140948054
22,4,0.4753494781153064,0.3925565092273763
22,5,0.9280916676362416,0.43962047829714734
