f_id,i_id,true,predicted
1,1,5.5464875381679295e-09,0.8748963900959368
1,2,5.9154469366221475e-09,0.8927230789804854
1,3,5.604998299315346e-09,0.8892332787361114
1,4,5.107312757275018e-09,0.8809414314710574
1,5,5.7915802324058395e-09,0.8809414314710574
