f_id,i_id,true,predicted
9,1,0.955720938039271,1.1449272836528237
9,2,0.9829779780688452,1.1449272836528237
9,3,0.9561858712222032,1.1449272836528237
9,4,0.9314169292578116,1.1449272836528237
9,5,0.913738732796299,1.1449272836528237
