f_id,i_id,true,predicted
14,1,0.0005661202730624,0.2584433932691639
14,2,0.0006456406040488,0.42866810299803443
14,3,0.0005480353599086,0.6062686645636683
14,4,0.0005350411409828,0.5983264360119738
14,5,0.0007961619225647,0.3127850193051926
