f_id,i_id,true,predicted
21,1,0.4772477924017582,0.9849064372969745
21,2,0.4547433923695821,0.9849064372969745
21,3,0.4476260985842761,1.5020484878645746
21,4,0.4819530380028929,1.5020484878645746
21,5,0.4859196264391481,1.5020484878645746
