f_id,i_id,true,predicted
8,1,0.8661460477250377,0.9514152395108536
8,2,0.8709808915991545,0.9396795845816811
8,3,0.8690669765323842,0.9390913257349609
8,4,0.8458185588551986,0.948314107026399
8,5,0.7276776573289306,0.9514152395108536
