f_id,i_id,true,predicted
12,1,0.6243826979182089,2.997957518869595
12,2,0.5088602078519195,3.069979209324196
12,3,0.4968546294187015,3.058557004458692
12,4,0.7438539651120188,3.067227919597134
12,5,1.1596974634039172,3.067227919597134
