f_id,i_id,true,predicted
11,1,1.9567095917670871,2.5935254407229493
11,2,1.8877947939030573,2.5935254407229493
11,3,1.9771134265632515,1.2345389412438086
11,4,2.060926487413909,1.1789251765146356
11,5,2.035658554230252,2.5935254407229493
