f_id,i_id,true,predicted
15,1,1.6644648895010823,0.6927587890530421
15,2,1.6288634963401836,0.568057849553999
15,3,1.6078125764843023,0.4916168035560685
15,4,1.5909003925304182,0.5995172391579554
15,5,1.6112739402028022,0.8171738186194224
