f_id,i_id,true,predicted
5,1,0.0033014643340167,1.5119038679227934
5,2,0.0036858746512028,1.456539820764856
5,3,0.004423318716268,1.484493936515832
5,4,0.0017466175867438,1.484493936515832
5,5,0.0059896113493453,1.5119038679227934
