f_id,i_id,true,predicted
6,1,0.1643793435747352,0.5000094313376936
6,2,0.1527709427088042,0.6480038570711686
6,3,0.4383141472269712,0.6878086953319615
6,4,0.3708168004971982,0.4577959537493067
6,5,0.257255754349509,0.4748897578741781
