f_id,i_id,true,predicted
10,1,4.067733461302073,0.4133742847435138
10,2,3.927460834363884,0.35704349592585627
10,3,3.904485481625008,0.7041945776194424
10,4,4.052314119509936,0.4133742847435138
10,5,3.991577360634549,0.8585545468466644
