f_id,i_id,true,predicted
18,1,0.2693700130498064,0.3263703242985569
18,2,0.3389455264032417,0.30286981530348944
18,3,0.2510531977208307,0.2842745658985051
18,4,0.29021595987092,0.29399161539115787
18,5,0.3668385156560242,0.3180941027290194
