f_id,i_id,true,predicted
4,1,0.9980249683554888,0.7495773255664194
4,2,0.9757601368911124,0.6591887796702519
4,3,0.9980249683770424,0.7071876317658428
4,4,0.95229188871074,0.7071876317658428
4,5,0.9980249683545674,0.6591887796702519
