f_id,i_id,true,predicted
3,1,0.7763226627198915,1.2685847195962563
3,2,0.8110567795299243,0.9072647132788795
3,3,0.7385675773937901,0.6505887759775653
3,4,0.776323028907528,0.8006053100629158
3,5,0.8110569485508499,1.2312959931451117
