f_id,i_id,true,predicted
13,1,0.8860598101633312,0.8783807701197992
13,2,0.8058394069905717,0.8159047702465875
13,3,0.8185956460751938,0.8003232355831258
13,4,0.8326104436786558,0.8003232355831258
13,5,0.9240197982944868,0.9851463305807429
