f_id,i_id,true,predicted
20,1,0.2281221433749566,1.3736554716710123
20,2,0.2254084431963113,1.3736554716710123
20,3,0.2421175475422248,1.3736554716710123
20,4,0.201995695730017,1.3736554716710123
20,5,0.1993002825128484,1.3736554716710123
