f_id,i_id,true,predicted
19,1,0.6295243595456306,0.9727316060425151
19,2,0.6448650814804283,0.7787703455471987
19,3,0.6244381355498505,0.7457361746954287
19,4,0.6205709845751651,0.9755151981754409
19,5,0.6223267827085126,0.7451082340194929
