f_id,i_id,true,predicted
17,1,0.0713542469042586,0.25517617299504436
17,2,0.0447356665110653,0.6985787727618873
17,3,0.0574389512723294,0.32157602943115327
17,4,0.0926165205592905,0.40168257467259577
17,5,0.0456797744044007,0.5740647679812094
