f_id,i_id,true,predicted
2,1,5.6096702729649825e-09,1.6436033120208347
2,2,6.061811786015358e-09,1.8731150016218692
2,3,6.0919049742465286e-09,1.9571297435957
2,4,6.345231481696831e-09,1.6964830780460645
2,5,5.5501874697443325e-09,1.9571297435957
