f_id,i_id,true,predicted
7,1,0.5506366626590655,0.82903534086361
7,2,0.4963892770902541,0.8883964240295817
7,3,0.4904560692275209,0.6974141369911675
7,4,0.306199430921185,0.5414720894731391
7,5,0.2807019781211762,0.8958405019578555
