f_id,i_id,true,predicted
23,1,0.4673758256154829,1.1835292627096003
23,2,0.4532745592833218,1.1835292627096003
23,3,0.4563889680265083,1.1835292627096003
23,4,0.4523540621888977,1.1835292627096003
23,5,0.4657222621024411,1.1835292627096003
