f_id,i_id,log_precision
6,1,0.1643793435747352
6,2,0.1527709427088042
6,3,0.4383141472269712
6,4,0.3708168004971982
6,5,0.257255754349509
