f_id,i_id,log_precision
19,1,0.6295243595456306
19,2,0.6448650814804283
19,3,0.6244381355498505
19,4,0.6205709845751651
19,5,0.6223267827085126
