f_id,i_id,log_precision
21,1,0.4772477924017582
21,2,0.4547433923695821
21,3,0.4476260985842761
21,4,0.4819530380028929
21,5,0.4859196264391481
