f_id,i_id,log_precision
22,1,0.4705573161324236
22,2,0.4705573161570435
22,3,0.7826718365792472
22,4,0.4753494781153064
22,5,0.9280916676362416
