f_id,i_id,log_precision
12,1,0.6243826979182089
12,2,0.5088602078519195
12,3,0.4968546294187015
12,4,0.7438539651120188
12,5,1.1596974634039172
