f_id,i_id,log_precision
20,1,0.2281221433749566
20,2,0.2254084431963113
20,3,0.2421175475422248
20,4,0.201995695730017
20,5,0.1993002825128484
