f_id,i_id,log_precision
18,1,0.2693700130498064
18,2,0.3389455264032417
18,3,0.2510531977208307
18,4,0.29021595987092
18,5,0.3668385156560242
