f_id,i_id,log_precision
9,1,0.955720938039271
9,2,0.9829779780688452
9,3,0.9561858712222032
9,4,0.9314169292578116
9,5,0.913738732796299
