f_id,i_id,disp.diff_mean_02,disp.diff_mean_05,disp.diff_mean_10,disp.diff_mean_25,disp.diff_median_02,disp.diff_median_05,disp.diff_median_10,disp.diff_median_25,disp.ratio_mean_02,disp.ratio_mean_05,disp.ratio_mean_10,disp.ratio_mean_25,disp.ratio_median_02,disp.ratio_median_05,disp.ratio_median_10,disp.ratio_median_25,ela_distr.kurtosis,ela_distr.number_of_peaks,ela_distr.skewness,ela_level.lda_mda_10,ela_level.lda_mda_25,ela_level.lda_mda_50,ela_level.lda_qda_10,ela_level.lda_qda_25,ela_level.lda_qda_50,ela_level.mmce_lda_10,ela_level.mmce_lda_25,ela_level.mmce_lda_50,ela_level.mmce_mda_10,ela_level.mmce_mda_25,ela_level.mmce_mda_50,ela_level.mmce_qda_10,ela_level.mmce_qda_25,ela_level.mmce_qda_50,ela_level.qda_mda_10,ela_level.qda_mda_25,ela_level.qda_mda_50,ela_meta.lin_simple.adj_r2,ela_meta.lin_simple.coef.max,ela_meta.lin_simple.coef.max_by_min,ela_meta.lin_simple.coef.min,ela_meta.lin_simple.intercept,ela_meta.lin_w_interact.adj_r2,ela_meta.quad_simple.adj_r2,ela_meta.quad_simple.cond,ela_meta.quad_w_interact.adj_r2,ic.eps.max,ic.eps.ratio,ic.eps.s,ic.h.max,ic.m0,nbc.dist_ratio.coeff_var,nbc.nb_fitness.cor,nbc.nn_nb.cor,nbc.nn_nb.mean_ratio,nbc.nn_nb.sd_ratio,pca.expl_var.cor_init,pca.expl_var.cov_init,pca.expl_var_PC1.cor_init,pca.expl_var_PC1.cor_x,pca.expl_var_PC1.cov_init
16,1,0.7924477392802886,0.8519548816504496,0.8763676854549353,0.9543771662513896,0.7854644468545066,0.8374135498619167,0.8691029234774142,0.9555902246374952,0.792464117470057,0.8516080198878951,0.8759142973889193,0.9537473176053898,0.7854098280146723,0.8372396126332163,0.8690263872729022,0.9558320454302528,-0.19104766699003436,-0.1372564183666823,-0.3664034931776117,-0.8196422584444218,-0.8739604092353601,-0.4929582556817826,-1.1928881387876973,-1.029536245516402,-0.6606486317941402,0.5602048235638022,1.03691699783685,1.656713142802728,0.7017327063632459,1.8367315430169788,2.3904302821123653,1.7653737581329698,2.0417399493263395,2.5139941615072225,1.513004269365815,0.837292565338628,-0.2286840750577075,-1.3212525379022504,-0.3628131720162838,-0.6284479060364573,-0.26430879563765824,-0.33031015793268337,-1.9525250136242398,-1.6655781782784365,-0.4550620630547748,-2.219211584865193,-0.38709158987216036,-1.5849910355107346,-1.537865771167551,0.23148442073081157,2.12628309282764,1.4300695206463316,-1.750057520159191,-1.265261457967336,-1.5842409059620823,-1.1713472673604686,0.6708203932499399,1.5470030867191007,-1.5031529982525096,-2.40175980991061,-1.8110923226224853
