f_id,i_id,true,predicted
18,1,1.9880849079758027,3.4801291319126064
