f_id,i_id,true,predicted
29,1,3.7888603963403593,2.755281930751754
