f_id,i_id,true,predicted
7,1,0.3063220950801281,2.208309011754835
