f_id,i_id,true,predicted
17,1,4.36769196850744,2.5589295867168067
