f_id,i_id,true,predicted
9,1,1.758035885209552,0.7613797317076669
