f_id,i_id,true,predicted
21,1,2.6950158480093407,4.167229674364267
