f_id,i_id,true,predicted
28,1,2.7578817466149648,2.1656212148229894
