f_id,i_id,true,predicted
6,1,0.960498573443598,1.0714565528732698
