f_id,i_id,true,predicted
20,1,1.4916809762741832,4.833943570626856
