f_id,i_id,true,predicted
27,1,2.7194319169154206,1.6866830324770852
