f_id,i_id,true,predicted
11,1,3.140267385776744,2.1650852000212746
