f_id,i_id,true,predicted
13,1,0.1963571447285205,1.2305275261167956
