f_id,i_id,true,predicted
8,1,1.503573023876318,0.6112508948949681
