f_id,i_id,true,predicted
2,1,7.314739743983599,3.143956717147205
