f_id,i_id,true,predicted
4,1,1.5747836546184113,1.8712206001593337
