f_id,i_id,true,predicted
24,1,2.677307576119702,1.4196417434494648
