f_id,i_id,true,predicted
26,1,2.24160411064022,1.5873019307714062
