f_id,i_id,true,predicted
22,1,1.6894534452853376,2.0590285039204455
