f_id,i_id,true,predicted
8,1,1.503573023876318,1.2017558147094547
