f_id,i_id,true,predicted
3,1,3.507980174660727,2.812744968370686
