f_id,i_id,true,predicted
26,1,2.24160411064022,2.12780962490757
