f_id,i_id,true,predicted
10,1,2.51350872149812,2.0843456030113847
