f_id,i_id,true,predicted
7,1,0.3063220950801281,2.2585413262297394
