f_id,i_id,true,predicted
5,1,1.3296543136165155,0.909496600779746
