f_id,i_id,true,predicted
28,1,2.7578817466149648,2.027473655165754
