f_id,i_id,true,predicted
30,1,3.3512968272173733,2.4542020485700684
