f_id,i_id,true,predicted
15,1,0.8801835554730393,3.4210529368221394
