f_id,i_id,true,predicted
20,1,1.4916809762741832,3.9494165788954563
