f_id,i_id,true,predicted
1,1,6.571791903356755,2.306768924840035
