f_id,i_id,true,predicted
4,1,1.5747836546184113,2.147643601922224
