f_id,i_id,true,predicted
12,1,0.299819588930029,1.6157517313573233
