f_id,i_id,true,predicted
27,1,2.7194319169154206,1.9376942132638066
