f_id,i_id,true,predicted
14,1,0.1482593642036202,2.496488730717497
