f_id,i_id,true,predicted
23,1,2.3923631152851392,1.9588028011086873
