f_id,i_id,log_precision
3,1,1.588518187265833
3,2,1.6107307981167185
3,3,1.560980907353449
3,4,1.5941677548113025
3,5,1.5792832466444646
