f_id,i_id,log_precision
4,1,1.6949747254414391
4,2,1.7100774023968852
4,3,1.6606595099406989
4,4,1.6585421724053055
4,5,1.6843155066988664
