f_id,i_id,log_precision
20,1,0.5317524284023395
20,2,0.5269945089584078
20,3,0.5415635991837412
20,4,0.537627750376951
20,5,0.5458720012763641
