f_id,i_id,log_precision
22,1,0.8040909257718094
22,2,0.5892831424895728
22,3,0.8478048343752417
22,4,0.8816552014625603
22,5,0.9684214215128064
