f_id,i_id,log_precision
8,1,1.869546818605282
8,2,1.7124470310317932
8,3,1.875485411313908
8,4,1.8477163500080789
8,5,1.8240889504122384
