f_id,i_id,log_precision
21,1,0.9173178897873532
21,2,0.9006819678180213
21,3,1.086555318950457
21,4,1.0173883688540877
21,5,0.9857515042304508
