f_id,i_id,log_precision
15,1,1.6644648895010823
15,2,1.6288634963401836
15,3,1.6078125764843023
15,4,1.5909003925304182
15,5,1.6112739402028022
