f_id,i_id,log_precision
13,1,0.8860598101633312
13,2,0.8058394069905717
13,3,0.8185956460751938
13,4,0.8326104436786558
13,5,0.9240197982944868
