f_id,i_id,log_precision
5,1,0.0033014643340167
5,2,0.0036858746512028
5,3,0.004423318716268
5,4,0.0017466175867438
5,5,0.0059896113493453
