f_id,i_id,log_precision
7,1,0.5506366626590655
7,2,0.4963892770902541
7,3,0.4904560692275209
7,4,0.306199430921185
7,5,0.2807019781211762
