f_id,i_id,log_precision
17,1,0.0713542469042586
17,2,0.0447356665110653
17,3,0.0574389512723294
17,4,0.0926165205592905
17,5,0.0456797744044007
