f_id,i_id,log_precision
14,1,0.0005661202730624
14,2,0.0006456406040488
14,3,0.0005480353599086
14,4,0.0005350411409828
14,5,0.0007961619225647
