f_id,i_id,true,predicted
16,1,0.678422968713823,1.3446425892359777
