f_id,i_id,true,predicted
28,1,2.7578817466149648,2.09531096887355
