f_id,i_id,true,predicted
25,1,2.32289852957719,1.453329758108472
