f_id,i_id,true,predicted
2,1,7.314739743983599,1.0503466824259422
