f_id,i_id,true,predicted
14,1,0.1482593642036202,3.462195719878484
