f_id,i_id,true,predicted
12,1,0.299819588930029,1.27664709884233
