f_id,i_id,true,predicted
29,1,3.7888603963403593,3.071477932759638
