f_id,i_id,true,predicted
17,1,4.36769196850744,2.3248953847756706
