f_id,i_id,true,predicted
26,1,2.24160411064022,2.1752691591238156
