f_id,i_id,true,predicted
10,1,2.51350872149812,2.194231602392376
