f_id,i_id,true,predicted
4,1,1.5747836546184113,1.3196172611490435
