f_id,i_id,true,predicted
7,1,0.3063220950801281,1.797832748311883
