f_id,i_id,true,predicted
19,1,0.6061994653919722,2.9756538782881163
