f_id,i_id,true,predicted
27,1,2.7194319169154206,2.0287627626738973
