f_id,i_id,true,predicted
15,1,0.8801835554730393,1.998838435227756
