f_id,i_id,true,predicted
22,1,1.6894534452853376,1.9636767671693605
