f_id,i_id,true,predicted
24,1,2.677307576119702,2.17120364754851
