f_id,i_id,log_precision
11,1,1.745279429070415
11,2,1.632252233145024
11,3,1.71869949659148
11,4,1.855124145149156
11,5,1.777731707826615
