f_id,i_id,log_precision
23,1,0.4772458176606869
23,2,0.4678383210725465
23,3,0.4659948886093073
23,4,0.4547697782277007
23,5,0.4796852438756417
