f_id,i_id,log_precision
21,1,0.7932551300618305
21,2,0.9317066184410872
21,3,0.5351117090222421
21,4,0.8690506757467145
21,5,0.9869408019913892
