f_id,i_id,log_precision
10,1,3.9627923489437338
10,2,3.925222295260156
10,3,3.9246302342440806
10,4,3.9941739066567936
10,5,3.813652916666384
