f_id,i_id,log_precision
12,1,5.919327793135455
12,2,5.845802064085735
12,3,6.349163023109917
12,4,6.013760919059656
12,5,5.739949648301136
