f_id,i_id,ela_meta.lin_simple.coef.min,ic.eps.max,ela_meta.quad_w_interact.adj_r2,ic.eps.ratio,ela_level.lda_mda_10,ela_level.qda_mda_10,ic.eps.s,nbc.nn_nb.mean_ratio,nbc.nb_fitness.cor,nbc.dist_ratio.coeff_var
4,1,-0.134109622918803,-0.2367579584034974,0.5875205820551546,-0.0817761868727473,-1.1415820747534065,0.8790063782013687,-0.0256241772020061,0.4644157570306434,0.2968091927169004,-0.4742408542749778
4,2,-0.134109533182128,-0.2367032999400282,0.7089516715211897,0.0818225596715658,0.5212629118705076,0.0800385435811344,0.0968490626992709,0.3431474366835051,0.4224603777719753,-0.368746844185538
4,3,-0.1341096826922987,-0.2367587340932654,0.655124697826483,-0.2109263014554422,-0.0246645706318391,0.1856303240457326,-0.180765104469558,0.5079479745911565,0.2614697969201607,-0.5364552704815703
4,4,-0.1341095546807754,-0.2367575522855416,0.6724262250854958,-0.0257810322984318,-0.6054616727750554,0.3492527147373344,0.0070435101642684,0.3991174306898771,0.4752513270485866,-0.428256285774458
4,5,-0.1341096259516042,-0.236763268583718,0.6801157927561684,-0.0559289611437429,-1.0609460793338974,1.2179171070013417,0.0396704139008724,0.423992983581595,0.7234996752997592,-0.4471911080981984
