f_id,i_id,ela_meta.lin_simple.coef.min,ic.eps.max,ela_meta.quad_w_interact.adj_r2,ic.eps.s,ic.eps.ratio,pca.expl_var_PC1.cov_init,ela_level.lda_qda_10,ic.m0,disp.ratio_mean_02,ela_level.qda_mda_10
24,1,-0.134109619551263,-0.2367730660640321,0.3206365873852592,-0.6845295607974207,-0.599151443868784,0.3912436378177615,-0.8612326975887707,0.392021833507608,-0.6754807794776567,0.8108722512750745
24,2,-0.1341096168608748,-0.2367729922902137,0.3112504486096573,-0.6886675304566087,-0.599151443868784,0.3908266361694311,-0.8851381656116302,0.3946396374650665,-0.6912631349890056,0.8483791729973362
24,3,-0.134109611227365,-0.2367731398378505,0.3161821486442957,-0.6803915911382326,-0.599151443868784,0.3920776411144215,-0.858931636495661,0.3658437939330209,-0.7010110604518972,0.8066714760421809
24,4,-0.1341096156318565,-0.2367729922902137,0.3209547615810422,-0.6886675304566087,-0.599151443868784,0.3920776411144215,-0.833236454289272,0.378932813720313,-0.7525358093271816,0.7589626716114645
24,5,-0.1341096202951961,-0.2367729922902137,0.3139549292738138,-0.6886675304566087,-0.599151443868784,0.3912436378177615,-0.8377107397480963,0.3710794018479377,-0.7191143505972666,0.785667599877715
