f_id,i_id,ela_meta.lin_simple.coef.min,ic.eps.max,ela_meta.quad_w_interact.adj_r2,ic.eps.ratio,ela_level.qda_mda_10,ic.eps.s,ela_level.lda_mda_25,ela_level.lda_mda_10,disp.ratio_median_02,ela_level.mmce_qda_50
5,1,-0.1341096832197422,-0.2367753826113506,0.7243551490866048,-0.8497156522043285,-0.9390123698088476,-0.9372998792831416,-1.5866184442282287,1.460090328486543,0.6146948384055307,-1.279922703072604
5,2,-0.1341096832197422,-0.2367753826113506,0.7243551490866048,-0.8497156522043285,-0.9009953560102164,-0.9372998792831416,-1.575925819713968,1.258851733383067,0.4917080784494929,-1.2620779573033067
5,3,-0.1341096832197422,-0.2367753826113506,0.7243551490866048,-0.8497156522043285,-0.920003862909532,-0.9372998792831416,-1.5909711940304945,1.4744645138510777,0.5727982498490791,-1.276523703878452
5,4,-0.1341096832197422,-0.2367753826113506,0.7243551490866048,-0.8497156522043285,-1.0310376809880746,-0.9372998792831416,-1.641784816722158,0.7712351375554222,0.5376591755759244,-1.2629277071018448
5,5,-0.1341096832197422,-0.2367753826113506,0.7243551490866048,-0.8497156522043285,-0.9954344458433244,-0.9372998792831416,-1.5514179458272994,0.536825345456867,0.5570307165213807,-1.2650520815981896
