f_id,i_id,ela_meta.lin_simple.coef.min,ic.eps.max,ela_meta.quad_w_interact.adj_r2,ic.eps.ratio,ela_meta.lin_w_interact.adj_r2,ela_level.qda_mda_10,ela_level.lda_qda_10,ela_meta.lin_simple.coef.max,ic.m0,ela_meta.lin_simple.intercept
18,1,-0.1341096002773362,-0.236770051721751,0.0958938739343787,-0.3975105236220577,0.3970576609285789,0.2072334389071552,-0.2930532454224438,-0.1685193704365163,-0.12971089815964,-0.1809040693641669
18,2,-0.134109707566756,-0.2367747300978468,-0.204781879513669,-0.7144939382034495,-0.112759202959978,0.7265468348447883,-0.8111186620725234,-0.1685198118405738,0.7513139644949727,-0.1809047683052934
18,3,-0.1341096827825739,-0.2367741335181082,0.2023137127141953,-0.645007426140041,0.7472301014559476,0.7094858183788263,-0.6726877112616487,-0.1685197660352027,0.4426914826668586,-0.1809042581460234
18,4,-0.1341096749091122,-0.2367744128959824,-0.0365750000094521,-0.671075711876688,0.2424813144994918,0.4559651000161886,-0.5732262829421525,-0.1685197679812127,0.6959201857053117,-0.1809046690783749
18,5,-0.1341097021166818,-0.2367751621347088,-0.1488717552591982,-0.7665871348252683,-0.0026869070909051,1.1452900284567478,-1.0872164554101276,-0.1685197944436603,1.1298381195576606,-0.1809050656740654
