f_id,i_id,ela_meta.lin_simple.coef.min,ic.eps.max,ela_meta.quad_w_interact.adj_r2,ic.eps.ratio,ic.eps.s,ela_level.lda_qda_10,ela_level.qda_mda_10,ic.m0,ela_distr.kurtosis,ela_meta.lin_simple.coef.max
21,1,-0.1341097254979375,-0.236776236064218,-1.8280755736637937,-1.1549908093609564,-1.0999195607521264,-1.271405085041318,1.593012334297556,0.992292680094334,-0.1410749248110515,-0.1685198778125789
21,2,-0.1341097254632886,-0.2367762280138415,-1.8380297194552253,-1.1549908093609564,-1.0915644188274172,-1.2697140769382385,1.5889668275040527,0.9989449861576944,-0.1461366440437871,-0.1685198778249133
21,3,-0.1341097253491509,-0.2367762195375192,-1.6750516714124617,-1.1372811328277204,-1.083167501193084,-1.2712750074949273,1.5927011414672871,0.8818643994425861,-0.1720097953993643,-0.1685198782018837
21,4,-0.1341097247805006,-0.2367762280138415,-1.6991778213815247,-1.1549908093609564,-1.0915644188274172,-1.2632101996187022,1.5734071859905736,0.9643529946282292,-0.1484430585472779,-0.1685198775676895
21,5,-0.1341097254367923,-0.2367762106778455,-1.7643015548644514,-1.1461580529852775,-1.0915644188274172,-1.2616492690620136,1.5696728720273394,1.0215628267731105,-0.1627187316009738,-0.1685198783303671
