f_id,i_id,ela_meta.lin_simple.coef.min,ic.eps.max,ela_meta.quad_w_interact.adj_r2,ic.eps.ratio,ela_level.qda_mda_10,ela_meta.lin_simple.intercept,ela_meta.lin_simple.coef.max,ela_level.mmce_qda_25,nbc.nn_nb.mean_ratio,nbc.dist_ratio.coeff_var
23,1,-0.1341097257002624,-0.2367760048055312,-3.0654310404398584,-1.0199562119114447,1.5675756450180929,-0.1809049887091736,-0.1685198789810043,2.1041026870629898,-3.4786368630599847,3.214587540283579
23,2,-0.1341097257451023,-0.2367760048055312,-3.063932581801499,-1.0199562119114447,1.5675756450180929,-0.1809049998589413,-0.1685198790095276,2.1041026870629898,-3.528080794095762,3.25653036078213
23,3,-0.1341097256921098,-0.2367760048055312,-3.069739109025143,-1.0111742560215304,1.5675756450180929,-0.1809052127229344,-0.1685198790159518,2.1041026870629898,-3.4748334837495403,3.224266652706321
23,4,-0.1341097257104533,-0.236775995541209,-3.0695518016953485,-1.0155652339664878,1.5675756450180929,-0.1809053635172639,-0.1685198790002768,2.1041026870629898,-3.4900470009913183,3.224266652706321
23,5,-0.1341097256676517,-0.2367760048055312,-3.068240650386783,-1.0111742560215304,1.5675756450180929,-0.1809050723061948,-0.1685198789838309,2.1041026870629898,-3.482440242370429,3.233945765129064
