f_id,i_id,ic.eps.ratio,ic.eps.max,disp.ratio_median_02,disp.ratio_mean_05,ela_meta.quad_w_interact.adj_r2,ela_meta.lin_simple.coef.min,ela_level.mmce_qda_50,ic.eps.s,ela_level.qda_mda_50,ela_level.mmce_mda_50
12,1,2.644165155394493,43.56110406338989,-0.9686462049642984,-0.9583760037417104,-1.0129874573010216,81.0949121181279,-0.3233691026352585,3.147964644083185,0.3148839508738531,-0.4956689063618562
12,2,2.752907319616893,87.35731775269015,-0.8691123297805915,-0.7788954140547883,-0.2208673737296204,555.9042186550694,-0.5038566053056001,3.118336466187153,0.3465234569090352,-0.6851082168902031
12,3,2.8814028288388203,61.727512264806485,-0.6691355942516823,-0.5750980993135093,-0.8126200857342225,3511.9945621535526,-0.6232179056985722,3.5772527857115466,0.4927363257079813,-0.8177157342600463
12,4,2.792463392978447,52.45910589403308,-0.8904734810757255,-0.806685956974053,-0.8898332562736404,890.852302803194,-0.4518167303937853,3.483487736862541,0.2223623650437002,-0.6162543136404767
12,5,2.7627839921166566,69.29562115997405,-0.8800201517185328,-0.8095808051948108,-1.0819796013320673,171.33912781400807,-0.2267236206561737,3.2910524749371497,0.2456126081150082,-0.3998563319984796
