f_id,i_id,ela_meta.lin_simple.coef.min,ic.eps.max,ela_meta.quad_w_interact.adj_r2,ic.eps.ratio,ela_level.qda_mda_10,disp.ratio_median_02,nbc.nn_nb.cor,ela_distr.skewness,ic.eps.s,ela_meta.lin_simple.intercept
19,1,-0.1341097215601164,-0.2367753348995006,-0.2112387810435934,-0.7937901159741625,0.9726601234101312,-0.8135273528401611,0.9035101136882016,0.1512878219171779,-0.7683588520660201,-0.1809050915968399
19,2,-0.1341097242871917,-0.2367753815405704,-0.1626230396590289,-0.8025023781476435,1.2303305526403965,-0.8611755493514088,1.2643038826275748,0.137277796056465,-0.7766562739115467,-0.1809048103421136
19,3,-0.1341097232558762,-0.2367753582200355,-0.1584922903910595,-0.7937901159741625,0.9917356075952152,-0.7999135824083754,1.4916533808633443,0.1439736534107778,-0.7766562739115467,-0.1809045769349495
19,4,-0.1341097204044724,-0.2367753348995006,-0.2326869022426661,-0.7937901159741625,1.0295837905021283,-0.8239645768378618,0.7675946527863828,0.2016273981529793,-0.7683588520660201,-0.1809050194653996
19,5,-0.134109722344813,-0.2367753815405704,-0.1719966629978829,-0.8025023781476435,0.984165971013832,-0.7794929267606979,0.636621572280994,0.1360411737522902,-0.7766562739115467,-0.1809059259805705
