f_id,i_id,ela_meta.lin_simple.coef.min,ic.eps.max,ela_meta.quad_w_interact.adj_r2,ela_level.qda_mda_10,ic.eps.ratio,ela_level.mmce_qda_50,ela_level.lda_qda_10,ela_level.lda_mda_10,ela_meta.lin_w_interact.adj_r2,disp.ratio_median_02
9,1,-0.1340865395773538,-0.2331615180385523,-0.1517570477413707,0.9172381698535842,0.8173610555169816,0.2054714277966214,-0.9592287648895728,-1.0996620106544368,-1.312820540300497,-0.9219742085020924
9,2,-0.1340980291767797,-0.2331615180385523,-0.1115767630537752,1.049430314126491,0.808644065717679,0.2326437478470859,-1.0283359043425355,-1.0996620106544368,-1.3180461827335006,-0.991759443678314
9,3,-0.1340947464448598,-0.2329985973073141,-0.1785968426512666,0.8909808261281441,0.8173610555169816,0.226056518743943,-0.9472827352071832,-1.0996620106544368,-1.301879351456396,-0.9379381511894628
9,4,-0.1340972252501271,-0.2331615180385523,-0.086166306334347,0.9588877495560068,0.808644065717679,0.2194692896408002,-0.9826070165260772,-1.0996620106544368,-1.2661163610555282,-0.9534459812286236
9,5,-0.1341015939163902,-0.2329985973073141,-0.1220585764505392,1.0044608403898174,0.8173610555169816,0.2067065332534608,-1.0057283642984436,-1.0996620106544368,-1.29518399708911,-0.985829979251576
