f_id,i_id,ela_meta.lin_simple.coef.min,ic.eps.max,ic.eps.ratio,ela_meta.quad_w_interact.adj_r2,ela_level.qda_mda_10,ela_distr.kurtosis,ela_meta.quad_simple.cond,ic.m0,ela_meta.quad_simple.adj_r2,ela_level.lda_qda_10
20,1,-0.1341001459261913,-0.2351266693501529,0.641003126061256,0.7199068949135685,-0.7406134411705251,-0.29475859026866,-0.207921124188052,-0.4796691081411411,1.0076378711667124,0.5044318797295831
20,2,-0.1341028968581687,-0.2351977292567631,0.6323314857691115,0.7199068949135685,-0.7801554752203167,-0.2952384003197308,-0.2090436192021657,-0.4600110051846066,1.004543515610274,0.4992419908791661
20,3,-0.1341020784176642,-0.2351266693501529,0.6323314857691115,0.7199068949135685,-0.7391156368504573,-0.2945200640076392,-0.2072932039315231,-0.4390423620309699,1.009494484500575,0.5075964461017888
20,4,-0.1341019515984782,-0.2350522570910152,0.641003126061256,0.7199068949135685,-0.7448072932667152,-0.2958367841190547,-0.2064932179496029,-0.4403529022280721,1.0116605333900823,0.499368573534054
20,5,-0.1340973439807878,-0.2351266693501529,0.641003126061256,0.7199068949135685,-0.7466046584507965,-0.2922981849924077,-0.2058867025823009,-0.4455950630164805,1.0051623867215618,0.4837989069828019
