f_id,i_id,ela_meta.lin_simple.coef.min,ela_meta.quad_w_interact.adj_r2,ic.eps.ratio,ic.eps.max,ic.eps.s,ela_distr.kurtosis,ela_meta.lin_simple.intercept,disp.diff_median_02,disp.ratio_median_02,ela_distr.skewness
14,1,-0.1341096759765814,0.5716761193741715,-0.6184726344374141,-0.2367740556135196,-0.5576620190684848,-0.2277089290162276,-0.1809047767285869,-0.4079372599726179,-0.4083202556087433,0.1035132927031257
14,2,-0.1341096718288996,0.5140673699820573,-0.6011304762217763,-0.2367739487437086,-0.5247924198992344,-0.2225868537441154,-0.1809049460814998,-0.4446054211912574,-0.4438384333744453,0.1075714260052469
14,3,-0.1341096924022165,0.5017796311920495,-0.6792568989832248,-0.2367746803056869,-0.6069458999701945,-0.2212314356809829,-0.1809046723745938,-0.5640692275963319,-0.5638808822787803,0.1039960446201066
14,4,-0.1341097142820023,0.3391665685035054,-0.6705858198754059,-0.2367746029113279,-0.5740763008009443,-0.1041124331130194,-0.180904708421207,-0.4501676446804616,-0.4501327939911523,0.3705505327806249
14,5,-0.1341096693627104,0.5397599147248008,-0.6011304762217763,-0.2367739487437086,-0.500129961596214,-0.2093970105901259,-0.1809047156687759,-0.4189199942506647,-0.4186609909076184,0.1802557615056926
