f_id,i_id,ela_meta.lin_simple.coef.min,ic.eps.max,ela_meta.quad_w_interact.adj_r2,ic.eps.ratio,ela_level.qda_mda_10,ela_level.lda_qda_10,ela_meta.lin_simple.coef.max,ela_meta.lin_simple.intercept,ic.eps.s,ela_level.lda_mda_10
15,1,-0.1341096024035846,-0.2367660084802385,0.3044489168430508,-0.3344595784072403,-0.2454345271219214,0.0215535773883148,-0.1685193824484208,-0.1809017035054816,-0.2797549749667814,0.3935477058102101
15,2,-0.1341096182442641,-0.2367650521893236,0.2224060710675055,-0.3086042850414395,-0.4982362489577429,0.4261274326762568,-0.1685187616886913,-0.1809027307375117,-0.1735185939379224,0.9528670723308748
15,3,-0.1341076541915944,-0.2367586932870748,0.1209654981899901,-0.2136722662333407,-0.3339596894099061,0.2657865003186097,-0.1685179674357295,-0.1809017585998785,-0.0509098882385896,1.1829185076834323
15,4,-0.1341096485702382,-0.2367676758876659,0.4373710468204844,-0.3948747805719949,-0.5644815885222414,0.3952198572021231,-0.1685194255186365,-0.1809035683944886,-0.3533283641343465,0.8885398937251883
15,5,-0.1341096495607902,-0.2367670839933827,0.1214424914793828,-0.3603579639286507,-0.1839422164051,-0.0782337377138871,-0.1685195047754395,-0.1809037274039489,-0.2715892270014579,-0.0273046830338052
