f_id,i_id,ic.eps.max,ela_meta.lin_simple.coef.min,ela_meta.quad_w_interact.adj_r2,ic.eps.ratio,ela_level.qda_mda_10,ela_meta.lin_simple.intercept,ela_level.lda_qda_10,ic.eps.s,ela_level.mmce_qda_50,ela_level.lda_qda_50
7,1,-0.2367550029078456,-0.1341096216574175,0.7149149015727855,-0.2204845117173326,-1.6030920703354083,-0.1809021292366527,1.976036940406928,-0.2677205525278814,-0.7175144448767489,0.1119858551407758
7,2,-0.2367592647935384,-0.1341095491066161,0.7118670953804791,-0.2635954958330865,-1.3146800630954458,-0.1809029379331771,1.2204321814955554,-0.3086276784100674,-0.6271252267434158,0.3626443557540617
7,3,-0.2367600054706555,-0.1341095717507166,0.7105838085626661,-0.2635954958330865,-1.1998663659457798,-0.18090309728705,0.9666930812496222,-0.2922403083014194,-0.6470274399103879,1.44112794873078
7,4,-0.236764335720646,-0.1341096247717456,0.7032049093602405,-0.3411608129084837,-0.9708513113645776,-0.1809033952875261,0.8959489493909312,-0.3904419301744391,-0.5305165669954045,0.6492316097732516
7,5,-0.2367626493161131,-0.134109565128693,0.7054506612914133,-0.3153200631887512,-1.2669175650811852,-0.180903171422387,1.3227631766564671,-0.3577080562167659,-0.5877354298504497,0.1807827644402284
