f_id,i_id,ela_meta.lin_simple.coef.min,ic.eps.max,ela_meta.quad_w_interact.adj_r2,ic.eps.ratio,ela_distr.kurtosis,ic.eps.s,ela_level.qda_mda_10,nbc.nn_nb.mean_ratio,ela_level.qda_mda_50,ic.m0
16,1,-0.134109725244104,-0.2367745345064004,-3.066400344703736,-0.7095947326070021,-0.3044169659122254,-0.7593056333114653,1.567575645018093,-3.5206288221265614,0.7288576368774244,3.429094232146565
16,2,-0.1341097253337837,-0.2367745345064004,-3.06864817846629,-0.7009067364217036,-0.3055807990699838,-0.7675585848879133,1.567575645018093,-3.49778479459913,0.6834286648179726,3.403633469691054
16,3,-0.1341097254662649,-0.2367745345064004,-3.06864817846629,-0.7095947326070021,-0.3047885927321495,-0.7593056333114653,1.567575645018093,-3.478748104992937,0.7322406454350427,3.3797640048890134
16,4,-0.1341097251890734,-0.2367745345064004,-3.0673369421048,-0.7009067364217036,-0.3061578893265264,-0.7593056333114653,1.567575645018093,-3.5244361600478,0.707351368189705,3.43864201806738
16,5,-0.1341097254051197,-0.2367745345064004,-3.0693974563871413,-0.7095947326070021,-0.3055215042527047,-0.7593056333114653,1.567575645018093,-3.4863627808354143,0.7133924548997383,3.441824613374322
