f_id,i_id,ela_meta.lin_simple.coef.min,ic.eps.max,ela_meta.quad_w_interact.adj_r2,ic.eps.ratio,ela_level.lda_mda_10,ela_level.lda_qda_10,ela_level.qda_mda_10,ela_distr.skewness,ela_meta.lin_simple.intercept,disp.ratio_mean_02
17,1,-0.1341096930601271,-0.2367749596641213,0.0931010347297078,-0.6894078763522263,0.6711131526741735,-0.2245004922117384,0.1506096994377304,0.6324676670216414,-0.1809048233888875,-0.4517005374220069
17,2,-0.1341097224566945,-0.2367760298530576,-0.1885350513836682,-1.0049578808034598,-0.7411301940516433,-0.8421130810583521,0.790009179405438,0.7825182821207084,-0.1809049336062822,-0.4120882234979131
17,3,-0.1341097182336003,-0.2367758933800088,0.2500420686157859,-0.9435729624961712,-0.0838938673061688,-0.6601925412743245,0.6719569792614467,0.1673967139220367,-0.1809044971485542,-0.2798936409837843
17,4,-0.1341097189918006,-0.2367759369542688,-0.0241281990839816,-0.961130275079069,-0.1838372426129177,-0.6790470509998401,0.7109082128114942,0.7594489209818075,-0.1809048864407819,-0.3591182688319729
17,5,-0.1341097206141862,-0.2367761035842834,-0.1581952361283638,-1.066299015288846,-1.1311266259551604,-1.0646727330210244,1.1151021671116057,1.662162385161578,-0.180905212850103,-0.2112630040687844
