f_id,i_id,ic.eps.max,ela_meta.lin_simple.coef.min,ela_meta.quad_w_interact.adj_r2,ela_level.qda_mda_10,ic.eps.ratio,ela_meta.lin_simple.intercept,ela_level.lda_qda_10,ic.eps.s,disp.ratio_median_02,ic.m0
6,1,-0.2292389700383397,-0.1339136416455155,0.639327332527754,-0.4854588909365275,0.957649431016062,-0.1798175371395156,0.504626004546146,0.81922179880581,-0.1939434397272345,-1.0832260175328132
6,2,-0.2298748822475686,-0.1340061590385056,0.6151690926640949,-0.3260996256598532,0.9313799898763456,-0.1799681685550334,0.1581557984727461,0.802648266790008,-0.3131894965944163,-0.9237292126721832
6,3,-0.2295642533891954,-0.1335081317236943,0.6247683932721713,-0.2847732490302677,0.957649431016062,-0.1797249058437858,0.1747085326068146,0.81922179880581,-0.4131589352462266,-0.9157543724291528
6,4,-0.2269384387078311,-0.1339376985171325,0.6670053159477073,-0.7360929592727902,1.0014756153174893,-0.1792671838874991,0.694540198466029,0.8564399174597495,-0.2185995793050356,-1.0606306368442235
6,5,-0.2321108011383145,-0.1340165190882992,0.4972576835282236,0.0181877422326643,0.8524841016533966,-0.1804162445635562,-0.0630948692276635,0.753010331750162,0.0207891213230669,-0.7017628259078079
