f_id,i_id,ela_meta.lin_simple.coef.min,ic.eps.max,ela_meta.quad_w_interact.adj_r2,ic.eps.ratio,ela_level.qda_mda_10,ela_meta.lin_simple.intercept,ic.m0,ela_meta.lin_simple.coef.max,ela_level.lda_qda_10,ic.eps.s
22,1,-0.1341097255010407,-0.2367763566025443,-1.2964844334288543,-1.3330926016707263,1.2985608656496084,-0.1809065050710766,0.3928941224551424,-0.1685198778278852,-1.126161548384995,-1.1663897321487908
22,2,-0.1341097254195138,-0.2367763591582193,-1.322230598154006,-1.3420490002250094,1.2094808706329243,-0.1809032455886906,0.3444498183302283,-0.1685198777161046,-1.082102705604454,-1.183207025945222
22,3,-0.1341097253400251,-0.2367763591582193,-1.5590623057219075,-1.3420490002250094,1.3570291785299755,-0.1809049552673914,0.4151523162422654,-0.168519878178388,-1.1743549453267588,-1.183207025945222
22,4,-0.1341097251402841,-0.236776360372165,-1.2689228340115446,-1.3330926016707263,1.086728025266291,-0.1809043901695924,0.4243174548604912,-0.1685198775066766,-1.0182755257405625,-1.183207025945222
22,5,-0.134109725492888,-0.2367763511504374,-1.4880953132102717,-1.3152689229557355,1.440599070762122,-0.1809047915340943,0.4164616217591548,-0.168519878225156,-1.209886270149775,-1.1747774098527466
