f_id,i_id,ela_meta.lin_simple.coef.min,ic.eps.max,ela_meta.quad_w_interact.adj_r2,ic.eps.ratio,ela_level.qda_mda_10,nbc.nn_nb.mean_ratio,ela_level.lda_mda_25,ela_level.lda_qda_10,disp.diff_mean_02,nbc.dist_ratio.coeff_var
11,1,-0.1328423537382509,-0.0784687333715163,0.7110996199390933,1.6594280494025335,-1.6546787418112168,-1.0545776009202188,4.090524609961578,1.411089414057331,2.0890452664295216,1.3078877567822866
11,2,-0.1334770067795376,-0.0784687333715163,0.7110996199390933,1.6548848857641476,-1.7294667140972546,-1.079909491072876,4.979403553618568,1.5365972856135182,2.057636899644649,1.3440807857395929
11,3,-0.1286955623746236,-0.0638695413742752,0.7030795525930098,1.68673246286923,-1.876518170153344,-1.0007473343458302,3.128259344449346,1.7876130287258922,1.919612616145584,1.2215813031148632
11,4,-0.1314466464119769,-0.0560494198238157,0.7008339337361063,1.704905117422772,-2.0200984544999554,-0.9595830128477738,2.300402100556548,2.112574492341116,1.896830767079403,1.163115640953061
11,5,-0.1330878414422953,-0.0784687333715163,0.7096560078167984,1.6548848857641476,-1.7177909547108263,-1.0989084086873633,4.167574523547509,1.5164787202154453,2.093750639730626,1.360785260642965
