f_id,i_id,ela_meta.lin_simple.coef.min,ic.eps.max,ela_meta.quad_w_interact.adj_r2,ic.eps.ratio,ela_level.qda_mda_10,ic.m0,ela_meta.lin_simple.intercept,pca.expl_var_PC1.cor_init,ela_level.lda_qda_10,ic.eps.s
13,1,-0.1341094791625732,-0.2367614568788353,0.7097320776548505,-0.3081683161943788,-0.7260322616934712,-0.9249740946223108,-0.1809009265242427,1.1765144031269823,0.6618163124709049,-0.4113646133571148
13,2,-0.1341094530841514,-0.2367600740458387,0.7100528195455658,-0.2908917748364854,-0.7123044556473543,-1.0015168686025702,-0.1809007181087724,1.2988959737089516,0.693218020110911,-0.4031795843095243
13,3,-0.1341094469329457,-0.236762717891337,0.6959401763540952,-0.3254017739079882,-0.5254869211936735,-0.5264237887251009,-0.1809017758857673,0.5329561440321495,0.3719836157452028,-0.4277755965975338
13,4,-0.1341096623739323,-0.236762717891337,0.6936949831190884,-0.3254017739079882,-0.5466754913952894,-0.5488587397193151,-0.1808999015894488,0.4844255212151615,0.4041450421184347,-0.4277755965975338
13,5,-0.1341095686648583,-0.2367621019311348,0.6932138702830155,-0.3167850450511836,-0.5284712268558726,-0.5277434917247604,-0.180901473987497,0.3493837881591972,0.3001901954553502,-0.4277755965975338
