f_id,i_id,ela_meta.lin_simple.coef.min,ic.eps.max,ela_meta.quad_w_interact.adj_r2,ela_meta.lin_simple.intercept,ela_level.qda_mda_10,ic.eps.ratio,disp.ratio_mean_02,ic.eps.s,ela_distr.number_of_peaks,disp.ratio_mean_10
1,1,-0.1341097212918499,-0.2367751662151426,0.7243551490866048,-0.1809047046146023,-0.1866303462389741,-0.8012695708938545,-1.4482241545916128,-0.8818740660844822,-0.6689571759085177,-1.5167950877002454
1,2,-0.134109680699599,-0.2367748582988934,0.7243551490866048,-0.1809040864153039,-0.2029317968067102,-0.7576905240990879,-1.0695774694351383,-0.8404327137307752,-0.6689571759085177,-0.9669821524485708
1,3,-0.1341097175925661,-0.2367749256835256,0.7243551490866048,-0.1809051517843103,-0.2192332473744469,-0.766441161867068,-1.094220307517913,-0.8487127042110362,-0.6689571759085177,-1.0056294807885418
1,4,-0.1341097182570104,-0.2367750515079273,0.7243551490866048,-0.1809050414175644,-0.1744783558157516,-0.7838553663804613,-1.2425512367469198,-0.8653140851239599,-0.6689571759085177,-1.163864768520125
1,5,-0.1341097120691176,-0.2367750515079273,0.7243551490866048,-0.1809048357560829,-0.2731762292531389,-0.7838553663804613,-1.305106133418577,-0.8653140851239599,-0.6689571759085177,-1.224387943090271
