f_id,i_id,ic.eps.max,ela_meta.lin_simple.coef.min,ela_meta.quad_w_interact.adj_r2,ic.eps.ratio,ela_level.qda_mda_10,ela_meta.lin_simple.intercept,ic.eps.s,ela_level.lda_qda_10,ic.m0,ela_level.lda_mda_10
3,1,-0.2367688768760997,-0.1341096691134034,0.6538214114089367,-0.4266472754122636,-0.1733048718900296,-0.1809046030260021,-0.4108390017278034,0.0732678618473351,-0.1519660457339248,0.9016181009919876
3,2,-0.2367626678644362,-0.134109669816573,0.6978978656472167,-0.2110847763599393,-0.5049178737144342,-0.1809008160218622,-0.0511346143402129,0.4638964988413004,-0.6117943392908749,1.0658929285798189
3,3,-0.2367428970372374,-0.1341096317475802,0.6886017407533248,-0.090404232434942,-0.6193184164585162,-0.1809002500099591,-0.1165168491503324,0.6621165284155341,-0.6419255380139796,1.7726054418939134
3,4,-0.2367638178328583,-0.1341096503968619,0.681870064106024,-0.2541972761704042,-0.402403101645062,-0.1809028874434358,-0.2064429459972301,0.2377563758726081,-0.3196527168885955,0.9468212414691788
3,5,-0.236765111132036,-0.1341096360766594,0.677061723643666,-0.3318083897153169,0.0147874490372531,-0.1809033037331149,-0.3699597905816889,-0.1914045167109953,0.0917036482877097,0.1739577908713859
