f_id,i_id,ic.eps.max,ela_meta.lin_simple.intercept,ic.eps.ratio,ic.eps.s,ela_meta.quad_w_interact.adj_r2,ela_level.qda_mda_10,ela_level.mmce_lda_10,ela_level.lda_mda_10,nbc.nn_nb.mean_ratio,ela_level.mmce_qda_10
2,1,-0.0274061441549816,-0.1525078587791026,1.6940929773816118,1.5847688980450834,0.7214903298625315,-1.6448617829625156,0.546961359598777,-2.749679003973268,-0.1025232956158928,-0.6325261046827549
2,2,-0.0227047827242009,-0.1584796658552612,1.7032086943293074,1.5590032895157435,0.7198857374451204,-0.1488340621819991,0.4501480312153982,-1.1704693844002598,-0.1211149050705465,0.2539510736837184
2,3,0.0242576307601857,-0.1427427445401347,1.7488328576525234,1.6276829981080931,0.7189229819946734,-1.8297015716044056,-0.3961878394909151,1.495037870193403,-0.1954813428891683,-1.467385624562067
2,4,0.0360976861897486,-0.1572134639684654,1.7397171407048275,1.5247063064484028,0.7176393080607446,-1.0649964928418032,0.4782551265525078,3.304745899808874,-0.077734483009681,-0.8232870164831352
2,5,-0.0180034212934202,-0.1430999679610416,1.7306014237571326,1.6534486066374328,0.7198857374451204,-1.8596839453473213,-0.1151168861198146,1.354374737911074,-0.1397065145252003,-1.4180122120960856
