f_id,i_id,ic.eps.max,ela_meta.quad_w_interact.adj_r2,ic.h.max,ic.eps.ratio,ela_level.qda_mda_10,ela_meta.lin_simple.coef.max,nbc.nb_fitness.cor,ic.eps.s,ela_meta.lin_simple.intercept,nbc.nn_nb.mean_ratio
10,1,0.076723977470156,0.6941932107037848,-0.670295661379978,1.7707193738240794,-2.163873923361058,-0.147087120623198,0.8262879195055564,1.6634176885525152,-0.1396351924797605,-0.2368554136035189
10,2,0.0439413922133733,0.6957968115086954,-0.6864618254750807,1.761543896938773,-2.198635429140721,-0.1519478985456689,0.8496125221083209,1.6590901849421196,-0.1444777829271875,-0.2399563212269708
10,3,-0.0347495772425757,0.7041355356942294,-0.4999291628392901,1.7067192813205982,-1.3847697158407126,-0.157781467082183,0.783599495874081,1.6289268388815998,-0.1569922290194889,-0.1872408916282819
10,4,0.1378390762525399,0.6901842086915089,-0.8232524447413275,1.807238684810374,-2.3625566582301434,-0.1405256055446467,0.9319087614803404,1.7539292566027822,-0.1297030135168109,-0.3143781041898229
10,5,-0.0347495772425757,0.706540936901595,-0.2847948252660149,1.688459625827451,-1.464497940105996,-0.1646163902874188,0.5631159882517199,1.603047936694059,-0.1592267942705232,-0.1407272772764968
