f_id,i_id,ela_meta.lin_simple.coef.min,ic.eps.max,ela_meta.quad_w_interact.adj_r2,ic.eps.ratio,ela_level.qda_mda_10,ic.eps.s,ela_level.lda_qda_10,ela_meta.lin_w_interact.adj_r2,ic.m0,ela_level.lda_mda_10
8,1,-0.1340417315886878,-0.231748540587892,0.7029379041860365,0.8623085779996786,0.0553952566522295,0.75019292822351,-0.2017963070682357,0.0375060658066805,0.0788426696306415,0.3000710023554694
8,2,-0.1340706300715439,-0.230370843177913,0.7117600560765862,0.9104303384678224,-0.0580191476264593,0.7915066964558553,-0.0712793205199719,0.2107477812373251,-0.1299820203367971,0.7110112343496346
8,3,-0.1340210803860524,-0.2296219348955736,0.7127224726464646,0.9323277063102746,-0.0506161186265451,0.7915066964558553,-0.0740509167594135,0.1728462208878677,-0.0986583168416818,0.6158461279930915
8,4,-0.1340690575626134,-0.2312880057355265,0.7042211262792073,0.8842059458421309,-0.0198195179869012,0.75019292822351,-0.1341441624964034,0.0152388991013743,0.0070591824543338,0.278442569092616
8,5,-0.1340353941613868,-0.2312880057355265,0.7056647511340247,0.8842059458421309,0.0391085928524176,0.75019292822351,-0.162364051479812,0.1957450802656651,-0.0112129779178179,0.4871569500791259
