f_id,i_id,log_precision
16,1,1.0869794796679797
16,2,1.0966117333816805
16,3,1.0838741555583922
16,4,1.098880178989433
16,5,1.0373452884397747
