f_id,i_id,log_precision
17,1,0.4975324918281835
17,2,0.6153202083296939
17,3,0.4529770864477538
17,4,0.3925243560448064
17,5,0.6110132320011353
