f_id,i_id,log_precision
5,1,0.1239705023300825
5,2,0.1379758681969355
5,3,0.1780651656911641
5,4,0.1609502761442354
5,5,0.2125489564161583
