f_id,i_id,log_precision
1,1,0.00446834492162
1,2,0.0015174206772425
1,3,0.0028785125488409
1,4,0.0027326896642012
1,5,0.003953557661947
