f_id,i_id,log_precision
24,1,1.9033054737528767
24,2,1.89867803959004
24,3,1.8986481359438536
24,4,1.925836955866012
24,5,1.9030562496511527
