f_id,i_id,log_precision
19,1,0.8102025481349033
19,2,0.803341191736551
19,3,0.8246057096946642
19,4,0.8246039751387759
19,5,0.8065983491121052
