f_id,i_id,log_precision
15,1,1.7946162095379976
15,2,1.799601977541391
15,3,1.7988906109153602
15,4,1.866166775436623
15,5,1.8641536224080548
