f_id,i_id,log_precision
18,1,0.9523957742717244
18,2,1.094557464902696
18,3,0.9567864265732876
18,4,0.7285334633719818
18,5,1.1328545481734595
