f_id,i_id,log_precision
23,1,0.4637278393590447
23,2,0.445289111142353
23,3,0.4666913203620846
23,4,0.4473909376746462
23,5,0.4613216460087248
