f_id,i_id,true,predicted
5,1,1.096808355504918,0.3999728527511203
5,2,0.993479369574794,0.5214298577354578
5,3,0.8940948122593625,0.3976352229857686
5,4,0.8910809710252879,0.5242556679042718
5,5,1.0504562462973257,0.4027986629199344
