f_id,i_id,true,predicted
17,1,0.4656720217485686,0.745205669886806
17,2,0.4224987604964458,0.7223324604101846
17,3,0.4437234585724304,0.6288142637467443
17,4,0.5002396619487102,0.7415883407438545
17,5,0.396804379721481,0.7456208540994173
