f_id,i_id,true,predicted
7,1,1.3509142460675316,1.8584124080413704
7,2,1.27952984026799,1.0815965333036193
7,3,1.2802108717728478,1.8584124080413704
7,4,1.2593439816779306,1.8584124080413704
7,5,1.2772510915793267,1.8584124080413704
