f_id,i_id,true,predicted
12,1,5.919327793135455,3.696532022732992
12,2,5.845802064085735,3.696532022732992
12,3,6.349163023109917,3.696532022732992
12,4,6.013760919059656,3.696532022732992
12,5,5.739949648301136,3.696532022732992
