f_id,i_id,true,predicted
11,1,1.745279429070415,3.3645962237315934
11,2,1.632252233145024,2.927810889929263
11,3,1.71869949659148,3.8483919718753414
11,4,1.855124145149156,3.8483919718753414
11,5,1.777731707826615,3.339591339135752
