f_id,i_id,true,predicted
18,1,0.8447616370817819,1.6429196956163152
18,2,0.7510377042431265,0.5123483361219262
18,3,0.9385697317601146,0.5164932454168529
18,4,0.8686746740526373,0.5282258996939218
18,5,0.7777547252383062,0.48794947971376895
