f_id,i_id,true,predicted
20,1,0.434555200071847,1.9185693694924844
20,2,0.4347946820056711,1.7851366467162144
20,3,0.4460672186216036,1.8748856301912937
20,4,0.471756396386576,1.962954123467704
20,5,0.4226460869702329,1.7851366467162144
