f_id,i_id,true,predicted
15,1,1.6390175511900709,1.9468906588700854
15,2,1.5955675764626995,1.530445075345169
15,3,1.7402769275152392,1.4069807343421374
15,4,1.6468039454165608,1.819668120845087
15,5,1.6484166433936511,1.9868168535684982
