f_id,i_id,true,predicted
19,1,0.6087990409765113,0.47566029959005013
19,2,0.6150204120128571,0.4737711474948135
19,3,0.5881078886471419,0.4737711474948135
19,4,0.6193346485215365,0.47566029959005013
19,5,0.6182661202560122,0.47609423182148075
