f_id,i_id,true,predicted
22,1,0.9924663872937376,0.733469423070733
22,2,1.0355940320893413,0.8072237859076669
22,3,1.0021223286643517,0.8027951073315718
22,4,1.0172528752058174,0.796317121659811
22,5,1.002700770518086,0.8027951073315718
