f_id,i_id,true,predicted
10,1,3.9627923489437338,3.7465822559166195
10,2,3.925222295260156,3.6243837898573212
10,3,3.9246302342440806,3.0865158051814325
10,4,3.9941739066567936,3.7998635982725393
10,5,3.813652916666384,2.4161353451184877
