f_id,i_id,true,predicted
23,1,0.4772458176606869,0.6531804354012464
23,2,0.4678383210725465,0.6531804354012464
23,3,0.4659948886093073,0.6531804354012464
23,4,0.4547697782277007,0.6452980156071633
23,5,0.4796852438756417,0.6531804354012464
