f_id,i_id,true,predicted
9,1,1.976265988937672,1.7803295258544547
9,2,2.065614451443873,1.7803295258544547
9,3,2.119344816639051,1.7803295258544547
9,4,1.9918496616578016,1.7803295258544547
9,5,2.275319653581437,1.7803295258544547
