f_id,i_id,true,predicted
1,1,0.2293860661076884,0.6783987375099988
1,2,0.4013740808360788,0.8220950268333114
1,3,0.4855942498448432,0.6289588266478293
1,4,0.3287019614255028,0.6315610629713542
1,5,0.4010220027723363,0.6315610629713542
