f_id,i_id,true,predicted
3,1,1.593057184047613,1.7846003171266684
3,2,1.6492745024059907,1.8267758995870953
3,3,1.6392409520720872,1.6088136653895178
3,4,1.618179962567934,1.7585819735565447
3,5,1.6523173662317867,1.9451993446360156
