f_id,i_id,true,predicted
6,1,1.6493394414929283,1.9764243062481757
6,2,1.6061982064729066,1.9183220190720842
6,3,1.9266730135246604,2.042039212308519
6,4,1.6933957841988074,2.012276091005024
6,5,1.7004953038873554,1.7442965323733328
