f_id,i_id,true,predicted
14,1,0.3792739889315858,1.2888475258514278
14,2,0.5716061760417699,1.2888475258514278
14,3,0.5014882228960377,0.5267456526980926
14,4,0.5473991138992629,0.5267456526980926
14,5,0.4224669595579789,1.2888475258514278
