f_id,i_id,true,predicted
4,1,1.803460792631541,1.7421577356904723
4,2,1.8459531854337832,1.638009145361817
4,3,1.746316474230038,1.6641534688610395
4,4,1.9194974592217768,1.6911289430515715
4,5,1.8110695354247688,1.8102281910410891
