f_id,i_id,true,predicted
2,1,3.516764059948984,3.177471059864197
2,2,3.686548934369819,3.3800858985812483
2,3,3.79322252316644,3.9052625284047324
2,4,3.651295769900864,3.3583567442540465
2,5,3.8886643340601,4.234554950983934
