f_id,i_id,true,predicted
13,1,2.2617918805286723,1.5445088556074362
13,2,2.4842358223279875,1.5551757068480638
13,3,2.383999704905788,1.6334518103191555
13,4,2.317258266550036,1.6243263609751086
13,5,2.3096756298077903,1.6700771468750764
