f_id,i_id,true,predicted
7,1,1.264907131539305,1.6793506741361106
7,2,1.2661697139168584,1.938711386329178
7,3,1.2929493195100012,1.9114348628918791
7,4,0.9615837632979256,1.8694268540655066
7,5,1.0344632619662582,1.9114348628918791
