f_id,i_id,true,predicted
2,1,0.4911863999145448,3.7992891817077123
2,2,0.3973067152847547,4.154726722390103
2,3,1.0190780312144687,4.201130401399612
2,4,0.3952854128226437,4.1751297758795145
2,5,0.5543385055859913,4.450345473440176
