f_id,i_id,true,predicted
14,1,0.0270197468343805,0.984304489112761
14,2,0.040609714225661,0.9849397309557402
14,3,0.0616073140490532,0.9304052700694851
14,4,0.0372728191902756,0.7952505721939278
14,5,0.0328247432538263,0.9593675894766158
