f_id,i_id,true,predicted
22,1,0.8040909257718094,0.7831439704106178
22,2,0.5892831424895728,1.0274076696743526
22,3,0.8478048343752417,0.7602803514155074
22,4,0.8816552014625603,0.7514593497764024
22,5,0.9684214215128064,0.7602803514155074
