f_id,i_id,true,predicted
15,1,1.7946162095379976,1.7567125701068156
15,2,1.799601977541391,1.7567125701068156
15,3,1.7988906109153602,1.7567125701068156
15,4,1.866166775436623,1.7567125701068156
15,5,1.8641536224080548,1.7567125701068156
