f_id,i_id,true,predicted
18,1,0.9523957742717244,1.7846619149364114
18,2,1.094557464902696,0.7413476304289848
18,3,0.9567864265732876,0.8667083307812954
18,4,0.7285334633719818,0.6598137967356698
18,5,1.1328545481734595,0.8108987623485783
