f_id,i_id,true,predicted
13,1,2.012956227800625,1.7274606953292924
13,2,1.7926599435692214,1.7274606953292924
13,3,1.9088525351995969,1.7274606953292924
13,4,2.091025614006237,1.7274606953292924
13,5,2.143273979870315,1.7274606953292924
