f_id,i_id,true,predicted
11,1,2.1317479009844704,2.89163205960985
11,2,2.0568599647335564,1.2102365483753479
11,3,2.0646427029893832,3.998212324332129
11,4,2.095776494063313,3.998212324332129
11,5,2.037244025872633,1.2102365483753479
