f_id,i_id,true,predicted
19,1,0.8102025481349033,0.7523474855286238
19,2,0.803341191736551,0.7523474855286238
19,3,0.8246057096946642,0.7523474855286238
19,4,0.8246039751387759,0.7523474855286238
19,5,0.8065983491121052,0.7523474855286238
