f_id,i_id,true,predicted
3,1,1.588518187265833,1.807387367347366
3,2,1.6107307981167185,1.807387367347366
3,3,1.560980907353449,1.807387367347366
3,4,1.5941677548113025,1.807387367347366
3,5,1.5792832466444646,1.807387367347366
