f_id,i_id,true,predicted
4,1,1.6949747254414391,1.7002404506218898
4,2,1.7100774023968852,1.3360102599124266
4,3,1.6606595099406989,1.5639419478947663
4,4,1.6585421724053055,1.603318499451822
4,5,1.6843155066988664,1.549064440015947
