f_id,i_id,true,predicted
20,1,0.5317524284023395,1.1614310894926752
20,2,0.5269945089584078,1.1616332197388863
20,3,0.5415635991837412,1.1614310894926752
20,4,0.537627750376951,1.1616332197388863
20,5,0.5458720012763641,1.1616332197388863
