f_id,i_id,true,predicted
1,1,0.00446834492162,0.5630439600785843
1,2,0.0015174206772425,0.5630439600785843
1,3,0.0028785125488409,0.5630439600785843
1,4,0.0027326896642012,0.5977167956356026
1,5,0.003953557661947,0.5630439600785843
