f_id,i_id,true,predicted
12,1,5.508481474861777,3.767118600709554
12,2,4.721601660519329,3.767118600709554
12,3,5.298826317815776,3.767118600709554
12,4,5.438038813404898,3.767118600709554
12,5,5.013253081895612,3.767118600709554
