f_id,i_id,true,predicted
17,1,0.4975324918281835,0.2990898683190991
17,2,0.6153202083296939,0.8326643356937071
17,3,0.4529770864477538,0.6817953536957524
17,4,0.3925243560448064,0.7195452729611466
17,5,0.6110132320011353,0.8326643356937071
