f_id,i_id,true,predicted
23,1,0.4637278393590447,1.02430986418319
23,2,0.445289111142353,1.0325954763014882
23,3,0.4666913203620846,1.026255667799947
23,4,0.4473909376746462,1.0347298278587953
23,5,0.4613216460087248,1.0310948739583838
