f_id,i_id,true,predicted
21,1,0.9173178897873532,0.6659435767720221
21,2,0.9006819678180213,0.6659435767720221
21,3,1.086555318950457,0.6659435767720221
21,4,1.0173883688540877,0.6659435767720221
21,5,0.9857515042304508,0.6659435767720221
