f_id,i_id,disp.diff_mean_02,disp.diff_mean_05,disp.diff_mean_10,disp.diff_mean_25,disp.diff_median_02,disp.diff_median_05,disp.diff_median_10,disp.diff_median_25,disp.ratio_mean_02,disp.ratio_mean_05,disp.ratio_mean_10,disp.ratio_mean_25,disp.ratio_median_02,disp.ratio_median_05,disp.ratio_median_10,disp.ratio_median_25,ela_distr.kurtosis,ela_distr.number_of_peaks,ela_distr.skewness,ela_level.lda_mda_10,ela_level.lda_mda_25,ela_level.lda_mda_50,ela_level.lda_qda_10,ela_level.lda_qda_25,ela_level.lda_qda_50,ela_level.mmce_lda_10,ela_level.mmce_lda_25,ela_level.mmce_lda_50,ela_level.mmce_mda_10,ela_level.mmce_mda_25,ela_level.mmce_mda_50,ela_level.mmce_qda_10,ela_level.mmce_qda_25,ela_level.mmce_qda_50,ela_level.qda_mda_10,ela_level.qda_mda_25,ela_level.qda_mda_50,ela_meta.lin_simple.adj_r2,ela_meta.lin_simple.coef.max,ela_meta.lin_simple.coef.max_by_min,ela_meta.lin_simple.coef.min,ela_meta.lin_simple.intercept,ela_meta.lin_w_interact.adj_r2,ela_meta.quad_simple.adj_r2,ela_meta.quad_simple.cond,ela_meta.quad_w_interact.adj_r2,ic.eps.max,ic.eps.ratio,ic.eps.s,ic.h.max,ic.m0,nbc.dist_ratio.coeff_var,nbc.nb_fitness.cor,nbc.nn_nb.cor,nbc.nn_nb.mean_ratio,nbc.nn_nb.sd_ratio,pca.expl_var.cor_init,pca.expl_var.cov_init,pca.expl_var_PC1.cor_init,pca.expl_var_PC1.cor_x,pca.expl_var_PC1.cov_init
11,1,1.0483204819063692,1.0853235312390368,1.1223395267564635,1.1778398782164925,1.0430578787819238,1.0875934546152861,1.1242661831693377,1.1827910584717651,1.0482726912447191,1.085655562426064,1.1222155002367844,1.1777847757975048,1.042918411792651,1.0877196764649781,1.124361729973699,1.182401661557764,-0.20030918681010101,-0.7595059965715167,-0.36934648015963206,-0.8196422584444218,-0.8723061950040475,-0.4947492745182733,-1.1928881387876966,-1.023753428331922,-0.6618843498890349,0.5602048235638022,1.03691699783685,1.2538190095334512,0.701732706363245,1.8298474492400836,1.9749070867852845,1.7653737581329698,2.020527035324076,2.042654059004175,1.513004269365815,0.8242810554596957,-0.24158430213522245,-1.2058686081362233,-0.36281314906216106,-0.4018916472412301,-0.26430876023743627,-0.3303098092791931,-1.8219225923590776,-1.5456039768949557,-0.4884394904149662,-2.0546547810115174,-0.3870912820395638,-0.4541452726818792,-0.5180418672728236,1.3492058598997068,2.226820657188467,1.753043356311371,-1.9472244531102982,-1.4727212724678516,-1.853537154784088,-1.4036732102339295,0.6708203932499399,-0.7091399635591877,-1.2809931274928532,0.9706347543833513,0.48304691716720566
