f_id,i_id,disp.diff_mean_02,disp.diff_mean_05,disp.diff_mean_10,disp.diff_mean_25,disp.diff_median_02,disp.diff_median_05,disp.diff_median_10,disp.diff_median_25,disp.ratio_mean_02,disp.ratio_mean_05,disp.ratio_mean_10,disp.ratio_mean_25,disp.ratio_median_02,disp.ratio_median_05,disp.ratio_median_10,disp.ratio_median_25,ela_distr.kurtosis,ela_distr.number_of_peaks,ela_distr.skewness,ela_level.lda_mda_10,ela_level.lda_mda_25,ela_level.lda_mda_50,ela_level.lda_qda_10,ela_level.lda_qda_25,ela_level.lda_qda_50,ela_level.mmce_lda_10,ela_level.mmce_lda_25,ela_level.mmce_lda_50,ela_level.mmce_mda_10,ela_level.mmce_mda_25,ela_level.mmce_mda_50,ela_level.mmce_qda_10,ela_level.mmce_qda_25,ela_level.mmce_qda_50,ela_level.qda_mda_10,ela_level.qda_mda_25,ela_level.qda_mda_50,ela_meta.lin_simple.adj_r2,ela_meta.lin_simple.coef.max,ela_meta.lin_simple.coef.max_by_min,ela_meta.lin_simple.coef.min,ela_meta.lin_simple.intercept,ela_meta.lin_w_interact.adj_r2,ela_meta.quad_simple.adj_r2,ela_meta.quad_simple.cond,ela_meta.quad_w_interact.adj_r2,ic.eps.max,ic.eps.ratio,ic.eps.s,ic.h.max,ic.m0,nbc.dist_ratio.coeff_var,nbc.nb_fitness.cor,nbc.nn_nb.cor,nbc.nn_nb.mean_ratio,nbc.nn_nb.sd_ratio,pca.expl_var.cor_init,pca.expl_var.cov_init,pca.expl_var_PC1.cor_init,pca.expl_var_PC1.cor_x,pca.expl_var_PC1.cov_init
10,1,1.275811243951448,1.3092773365274881,1.3484494173565058,1.4610577327326404,1.2565674358288224,1.3159798606646336,1.3496525387583085,1.4644649060161117,1.2759035929434854,1.309639197094856,1.3485408470958913,1.4606487905676808,1.2562832857936332,1.3160392373710579,1.3497532403583699,1.464830506735125,-0.20030812592627356,-0.7595059965715167,-0.36995299202422416,-0.8196422584444218,-0.8718926778343321,-0.4958206133279402,-1.1928881387876966,-1.022393246717475,-0.6581774936868613,0.5602048235638022,1.03691699783685,1.191823808314594,0.701732706363245,1.8298474492400836,1.922115297237099,1.7653737581329698,2.018602560704018,1.9758727910980636,1.513004269365815,0.8205659952243416,-0.2635919595067902,-1.1866547826544296,-0.3628131506953901,-0.5672870890940181,-0.2643087470095236,-0.33030982770428563,-1.8150128125239198,-1.4778452847781909,-0.5302191394622757,-1.982961536918964,-0.3870912959148659,-0.4541452726818792,-0.5237222416942361,1.3343383765906596,2.2593451259388635,1.948208783282486,-1.9163963566466646,-1.4302122807691728,-2.0898152927824354,-1.1825873405885412,0.6708203932499399,-0.7091399635591877,-1.2595930463094624,-0.34824484745777734,0.4809688326428748
