f_id,i_id,disp.diff_mean_02,disp.diff_mean_05,disp.diff_mean_10,disp.diff_mean_25,disp.diff_median_02,disp.diff_median_05,disp.diff_median_10,disp.diff_median_25,disp.ratio_mean_02,disp.ratio_mean_05,disp.ratio_mean_10,disp.ratio_mean_25,disp.ratio_median_02,disp.ratio_median_05,disp.ratio_median_10,disp.ratio_median_25,ela_distr.kurtosis,ela_distr.number_of_peaks,ela_distr.skewness,ela_level.lda_mda_10,ela_level.lda_mda_25,ela_level.lda_mda_50,ela_level.lda_qda_10,ela_level.lda_qda_25,ela_level.lda_qda_50,ela_level.mmce_lda_10,ela_level.mmce_lda_25,ela_level.mmce_lda_50,ela_level.mmce_mda_10,ela_level.mmce_mda_25,ela_level.mmce_mda_50,ela_level.mmce_qda_10,ela_level.mmce_qda_25,ela_level.mmce_qda_50,ela_level.qda_mda_10,ela_level.qda_mda_25,ela_level.qda_mda_50,ela_meta.lin_simple.adj_r2,ela_meta.lin_simple.coef.max,ela_meta.lin_simple.coef.max_by_min,ela_meta.lin_simple.coef.min,ela_meta.lin_simple.intercept,ela_meta.lin_w_interact.adj_r2,ela_meta.quad_simple.adj_r2,ela_meta.quad_simple.cond,ela_meta.quad_w_interact.adj_r2,ic.eps.max,ic.eps.ratio,ic.eps.s,ic.h.max,ic.m0,nbc.dist_ratio.coeff_var,nbc.nb_fitness.cor,nbc.nn_nb.cor,nbc.nn_nb.mean_ratio,nbc.nn_nb.sd_ratio,pca.expl_var.cor_init,pca.expl_var.cov_init,pca.expl_var_PC1.cor_init,pca.expl_var_PC1.cor_x,pca.expl_var_PC1.cov_init
21,1,0.6889652238430627,0.7281381666183397,0.6235401346149106,0.3740334110467764,0.6920031190211103,0.7456931437429474,0.6239462342290638,0.3805090745142272,0.6885979361270613,0.7279886290314042,0.6236328379496818,0.37378872065407276,0.6917761539251827,0.7456671279720638,0.6239488222711033,0.38083361743861344,-0.19588231312964355,0.7692467783642069,-0.16783338749439886,-1.0284491368971025,0.18556494787309477,-0.48112805494101396,2.3416543677386765,4.49994183160346,-0.6530088920909973,0.5639924552494197,1.1019574656154694,-1.518514813839989,0.7844740270472879,0.07506487700509863,-0.775922805231603,-1.2760803428849072,-1.2153123348593382,-0.7568667134895138,-2.0229762521776156,-5.122752157075945,-0.11597926985567564,1.4421316858460784,1.29778962106007,2.4606759311106337,0.04415003782868991,0.25743536504682935,1.2278069555740347,0.9725706568989124,0.7519237265693632,0.7145145709831386,0.2773383002113514,1.4572270993322753,1.4202378523178,-0.7391866817130132,-0.565870422061075,0.3017015531443708,0.8041277274916169,-0.24759677218249088,-0.14150941159094305,-0.3013650652745806,-1.6201851746019624,-0.7091399635591878,1.2407746236942683,-0.9802191553634435,0.6997709232301093
