f_id,i_id,true,predicted
25,1,2.27998429242958,1.416210521987352
