f_id,i_id,true,predicted
17,1,3.738017209273999,2.031682540284348
