f_id,i_id,true,predicted
23,1,0.0015853403916719,2.07296386505219
