f_id,i_id,true,predicted
19,1,0.5019710214982902,2.0005846299499064
