f_id,i_id,true,predicted
28,1,2.7432409258762087,2.2578311770101642
