f_id,i_id,true,predicted
14,1,0.1374072818940854,1.2924883383622423
