f_id,i_id,true,predicted
3,1,1.973953183945131,2.3512916710072553
