f_id,i_id,true,predicted
6,1,0.5770032069142602,1.5353245267460252
