f_id,i_id,true,predicted
5,1,1.3292713091730806,0.8430317855970856
