f_id,i_id,true,predicted
7,1,0.0314717376462794,1.4553869373010901
