f_id,i_id,true,predicted
5,1,1.3317523939219864,0.8948234359280354
