f_id,i_id,true,predicted
13,1,0.1660669856218615,1.4958001903325284
