f_id,i_id,true,predicted
15,1,0.924312317307059,2.8476410684246427
