f_id,i_id,true,predicted
2,1,8.313206943771041,1.3106711725747595
