f_id,i_id,true,predicted
12,1,0.1554270408174687,1.3578880362150723
