f_id,i_id,true,predicted
10,1,2.717377085837848,2.3689700598129932
