f_id,i_id,true,predicted
29,1,2.993961339720404,2.8998491109594497
