f_id,i_id,true,predicted
11,1,2.8987251167968173,2.7561692638521946
