f_id,i_id,true,predicted
16,1,0.614663250932258,1.0252856886236157
