f_id,i_id,true,predicted
6,1,0.8165146880484523,1.103822052601585
