f_id,i_id,true,predicted
3,1,4.049995091091602,2.935206247896541
