f_id,i_id,disp.ratio_mean_10,disp.diff_median_25,ic.eps.ratio,disp.diff_median_05,disp.diff_mean_10,nbc.nn_nb.cor,ic.eps.max,ic.eps.s,disp.ratio_median_25,ela_distr.number_of_peaks
6,1,0.5278761634647395,0.5404785122008021,-1.1932155161449518,0.5079645459858076,0.5278035905291044,-0.5132228809136063,-0.387091588953174,-1.254209945221541,0.5410690244736579,-0.7595059965715167
