f_id,i_id,ic.eps.max,disp.diff_median_25,ic.eps.s,pca.expl_var_PC1.cov_init,pca.expl_var.cov_init,disp.diff_mean_10,ela_distr.skewness,disp.ratio_mean_10,ic.eps.ratio,ela_level.qda_mda_25
3,1,0.1167807803186871,1.099874117159003,1.3770786056853888,0.6997709232301093,-0.7091399635591878,1.16513249741474,-0.1735168192292762,1.1648369589309897,1.4222422492024422,0.1191917455647325
