f_id,i_id,ic.eps.s,pca.expl_var_PC1.cov_init,disp.ratio_median_10,ic.eps.ratio,pca.expl_var.cov_init,ic.m0,ela_level.qda_mda_25,ela_meta.lin_simple.intercept,disp.ratio_median_02,ela_meta.lin_simple.coef.max
30,1,1.0159679765470673,0.6997709232301093,0.5576166889066144,0.9686240752998688,-0.7091399635591878,-0.6457631369514455,-1.0121984373401898,-0.3135266127985206,0.4389448045436638,-0.3241868255163351
