f_id,i_id,disp.diff_median_25,ic.eps.ratio,ela_level.mmce_lda_25,ic.eps.s,ela_meta.lin_simple.intercept,pca.expl_var_PC1.cor_init,ela_level.qda_mda_25,ic.eps.max,ela_meta.quad_simple.cond,pca.expl_var.cov_init
17,1,0.8413076646334738,1.4222422492024422,1.03691699783685,1.389376139476093,0.0042045862588655,-1.2976761325868382,0.2938396794520356,0.1051847941067654,0.3059783655332917,-0.7091399635591878
