f_id,i_id,pca.expl_var.cov_init,ic.eps.ratio,ic.eps.s,ic.eps.max,ela_meta.lin_simple.coef.min,nbc.nb_fitness.cor,ic.m0,disp.diff_median_25,disp.ratio_median_02,ela_level.mmce_qda_10
25,1,1.245821993205063,-0.6762841720099838,-0.6664686465201168,-0.3870915475082795,-0.2643087737848638,0.3010891227371813,-0.5442488355097868,0.1245114081261646,0.2646534061397772,-0.0615681341944541
