f_id,i_id,ic.eps.s,ic.eps.ratio,pca.expl_var_PC1.cov_init,disp.diff_median_25,disp.diff_mean_05,disp.ratio_median_10,ic.m0,ic.eps.max,pca.expl_var.cov_init,ela_level.qda_mda_25
24,1,-0.5407734907192381,-0.7411492131222048,0.5372913959583397,-1.267142128275984,-1.213563641223483,-1.3298473292870654,-0.6675165683033386,-0.3870915696335733,-0.7091399635591878,-1.3163440325021245
