f_id,i_id,ic.eps.s,disp.ratio_mean_10,ic.eps.ratio,ela_level.mmce_qda_25,nbc.nn_nb.cor,ic.m0,nbc.nb_fitness.cor,ic.eps.max,disp.ratio_mean_05,disp.diff_median_25
13,1,-1.2360472210695523,-1.516272611767075,-1.199378031654224,-0.8277734869456536,2.4994461317336056,-0.9242882288537646,0.1200391224683147,-0.3870915889531739,-1.5776467823900164,-1.335201468999693
