f_id,i_id,ela_level.qda_mda_25,ic.eps.s,ic.eps.ratio,ela_level.mmce_qda_25,ela_meta.lin_simple.intercept,ic.eps.max,disp.diff_mean_25,ela_meta.lin_simple.coef.max_by_min,pca.expl_var.cov_init,disp.ratio_mean_10
14,1,-0.846098668250097,-0.8861173381373818,-0.8301112140513348,-0.3702781291527641,-0.330310159773561,-0.3870915741728092,-1.749593949228792,-0.5580226437938358,1.8617765032987292,-1.7472388484716468
