f_id,i_id,ela_meta.lin_simple.intercept,pca.expl_var.cov_init,ela_meta.lin_simple.coef.max,ic.eps.ratio,ic.eps.s,disp.ratio_median_10,ela_distr.kurtosis,ic.eps.max,disp.diff_median_25,ela_level.mmce_qda_50
21,1,0.2574353650468293,-0.7091399635591878,1.29778962106007,1.4572270993322751,1.4202378523178,0.6239488222711033,-0.1958823131296435,0.2773383002113514,0.3805090745142272,-0.7568667134895138
