f_id,i_id,true,predicted
16,1,0.6366059333220634,1.290184361669725
