f_id,i_id,true,predicted
29,1,3.1726106935081764,2.2478884060847397
