f_id,i_id,true,predicted
17,1,3.738017209273999,1.8983213839685174
