f_id,i_id,true,predicted
20,1,0.8003123094780414,2.9714346777730323
