f_id,i_id,true,predicted
25,1,2.27998429242958,1.2210751383647267
