f_id,i_id,true,predicted
15,1,0.5732903428190664,2.157392429982207
