f_id,i_id,true,predicted
2,1,3.308919872305561,0.8638019600230127
