f_id,i_id,true,predicted
8,1,0.7763230296344203,0.68577947983904
