f_id,i_id,true,predicted
9,1,1.1730314664082613,0.7015302745240628
