f_id,i_id,true,predicted
24,1,2.580712446547357,1.2905915505219148
