f_id,i_id,true,predicted
21,1,2.294152370450922,2.724401858354003
