f_id,i_id,true,predicted
7,1,0.0314717376462794,1.581839521023806
