f_id,i_id,true,predicted
11,1,2.977478270422361,1.4138056867482558
