f_id,i_id,true,predicted
28,1,2.7432409258762087,2.3829119518469684
