f_id,i_id,true,predicted
18,1,1.6353478084174975,2.2152425115209935
