f_id,i_id,true,predicted
26,1,2.2396640521731763,1.9689803196978388
