f_id,i_id,disp.diff_mean_02,disp.diff_mean_05,disp.diff_mean_10,disp.diff_mean_25,disp.diff_median_02,disp.diff_median_05,disp.diff_median_10,disp.diff_median_25,disp.ratio_mean_02,disp.ratio_mean_05,disp.ratio_mean_10,disp.ratio_mean_25,disp.ratio_median_02,disp.ratio_median_05,disp.ratio_median_10,disp.ratio_median_25,ela_distr.kurtosis,ela_distr.number_of_peaks,ela_distr.skewness,ela_level.lda_mda_10,ela_level.lda_mda_25,ela_level.lda_mda_50,ela_level.lda_qda_10,ela_level.lda_qda_25,ela_level.lda_qda_50,ela_level.mmce_lda_10,ela_level.mmce_lda_25,ela_level.mmce_lda_50,ela_level.mmce_mda_10,ela_level.mmce_mda_25,ela_level.mmce_mda_50,ela_level.mmce_qda_10,ela_level.mmce_qda_25,ela_level.mmce_qda_50,ela_level.qda_mda_10,ela_level.qda_mda_25,ela_level.qda_mda_50,ela_meta.lin_simple.adj_r2,ela_meta.lin_simple.coef.max,ela_meta.lin_simple.coef.max_by_min,ela_meta.lin_simple.coef.min,ela_meta.lin_simple.intercept,ela_meta.lin_w_interact.adj_r2,ela_meta.quad_simple.adj_r2,ela_meta.quad_simple.cond,ela_meta.quad_w_interact.adj_r2,ic.eps.max,ic.eps.ratio,ic.eps.s,ic.h.max,ic.m0,nbc.dist_ratio.coeff_var,nbc.nb_fitness.cor,nbc.nn_nb.cor,nbc.nn_nb.mean_ratio,nbc.nn_nb.sd_ratio,pca.expl_var.cor_init,pca.expl_var.cov_init,pca.expl_var_PC1.cor_init,pca.expl_var_PC1.cor_x,pca.expl_var_PC1.cov_init
17,1,0.6744405738978159,0.6155791553735918,0.6861133422834769,0.823747317179362,0.6788273462286655,0.6036859507976882,0.6892923628123943,0.8413076646334738,0.6743311730617293,0.6153973529104437,0.685930670213276,0.8235275810493758,0.6785134510068037,0.6033629301577507,0.689162524050989,0.8421974085173347,-0.1884031104457856,0.5756642211121047,-0.09597698382949642,-0.8196422584444218,2.4245721857419262,5.1466028940851585,0.2802977719186777,1.7774828320887623,4.059561756049092,0.5602048235638022,1.03691699783685,1.2416965481710414,0.7017327063632459,-1.0472172459915394,-1.0913946325515302,-0.22944026257000943,-0.8023127500051832,-0.878198095447042,-0.7178339868470356,0.2938396794520356,2.485276527916505,-1.198582615612257,-0.21097732546224843,-0.40512687801877717,-0.055208056268420236,0.004204586258865565,1.0284089604971172,-0.999715701757082,0.3059783655332917,0.7145145709831386,0.10518479410676546,1.4222422492024422,1.389376139476093,-0.5773601533005868,-0.28533504000627047,0.29400878433027516,0.5948109276493398,-0.31955589369515874,-0.13294516965107717,-0.46221059070013654,0.6708203932499399,-0.7091399635591878,-1.2976761325868382,-0.6960669057436463,0.6997709232301089
