f_id,i_id,disp.diff_mean_02,disp.diff_mean_05,disp.diff_mean_10,disp.diff_mean_25,disp.diff_median_02,disp.diff_median_05,disp.diff_median_10,disp.diff_median_25,disp.ratio_mean_02,disp.ratio_mean_05,disp.ratio_mean_10,disp.ratio_mean_25,disp.ratio_median_02,disp.ratio_median_05,disp.ratio_median_10,disp.ratio_median_25,ela_distr.kurtosis,ela_distr.number_of_peaks,ela_distr.skewness,ela_level.lda_mda_10,ela_level.lda_mda_25,ela_level.lda_mda_50,ela_level.lda_qda_10,ela_level.lda_qda_25,ela_level.lda_qda_50,ela_level.mmce_lda_10,ela_level.mmce_lda_25,ela_level.mmce_lda_50,ela_level.mmce_mda_10,ela_level.mmce_mda_25,ela_level.mmce_mda_50,ela_level.mmce_qda_10,ela_level.mmce_qda_25,ela_level.mmce_qda_50,ela_level.qda_mda_10,ela_level.qda_mda_25,ela_level.qda_mda_50,ela_meta.lin_simple.adj_r2,ela_meta.lin_simple.coef.max,ela_meta.lin_simple.coef.max_by_min,ela_meta.lin_simple.coef.min,ela_meta.lin_simple.intercept,ela_meta.lin_w_interact.adj_r2,ela_meta.quad_simple.adj_r2,ela_meta.quad_simple.cond,ela_meta.quad_w_interact.adj_r2,ic.eps.max,ic.eps.ratio,ic.eps.s,ic.h.max,ic.m0,nbc.dist_ratio.coeff_var,nbc.nb_fitness.cor,nbc.nn_nb.cor,nbc.nn_nb.mean_ratio,nbc.nn_nb.sd_ratio,pca.expl_var.cor_init,pca.expl_var.cov_init,pca.expl_var_PC1.cor_init,pca.expl_var_PC1.cor_x,pca.expl_var_PC1.cov_init
5,1,1.3298549081890165,1.3944045257072006,1.402668991315598,1.4950029084586713,1.3382930855511463,1.3925216410202073,1.4027110730361223,1.5067244728473057,1.3298462069749832,1.3943891343477732,1.4027603503720707,1.4954389861092847,1.3383184196774909,1.392369162422005,1.4026039332201423,1.5068743823773243,-0.1991463655328597,-0.7595059965715167,-0.4474437034499685,-0.8196422584444218,-0.8714791752047032,-0.49344365648332966,-1.1928881387876973,-1.022393246717475,-0.6640958836738244,0.5602048235638012,1.03691699783685,1.6670545664610918,0.7017327063632469,1.8278819983315358,2.3994695727117112,1.7653737581329692,2.0166787440677445,2.534726923236645,1.513004269365815,0.8205659952243425,-0.21687351985941197,-1.3212525379022504,-0.3628131720162838,-0.5421740705988127,-0.2643087956372956,-0.3303102644404391,-1.9501023142797624,-1.6650409705729778,-0.45898141671574555,-2.2093598739726343,-0.38709158980950215,-1.4883208548376448,-1.5315888038546897,1.2779078064882978,2.2650224047080605,1.917764532158114,-2.3188936144827084,-1.5011987210025821,-2.023768619896807,-1.2821345041790957,0.6708203932499399,1.5470030867191007,-1.4469982043352045,-0.41734338450358627,-1.8069335369896613
