f_id,i_id,disp.diff_mean_02,disp.diff_mean_05,disp.diff_mean_10,disp.diff_mean_25,disp.diff_median_02,disp.diff_median_05,disp.diff_median_10,disp.diff_median_25,disp.ratio_mean_02,disp.ratio_mean_05,disp.ratio_mean_10,disp.ratio_mean_25,disp.ratio_median_02,disp.ratio_median_05,disp.ratio_median_10,disp.ratio_median_25,ela_distr.kurtosis,ela_distr.number_of_peaks,ela_distr.skewness,ela_level.lda_mda_10,ela_level.lda_mda_25,ela_level.lda_mda_50,ela_level.lda_qda_10,ela_level.lda_qda_25,ela_level.lda_qda_50,ela_level.mmce_lda_10,ela_level.mmce_lda_25,ela_level.mmce_lda_50,ela_level.mmce_mda_10,ela_level.mmce_mda_25,ela_level.mmce_mda_50,ela_level.mmce_qda_10,ela_level.mmce_qda_25,ela_level.mmce_qda_50,ela_level.qda_mda_10,ela_level.qda_mda_25,ela_level.qda_mda_50,ela_meta.lin_simple.adj_r2,ela_meta.lin_simple.coef.max,ela_meta.lin_simple.coef.max_by_min,ela_meta.lin_simple.coef.min,ela_meta.lin_simple.intercept,ela_meta.lin_w_interact.adj_r2,ela_meta.quad_simple.adj_r2,ela_meta.quad_simple.cond,ela_meta.quad_w_interact.adj_r2,ic.eps.max,ic.eps.ratio,ic.eps.s,ic.h.max,ic.m0,nbc.dist_ratio.coeff_var,nbc.nb_fitness.cor,nbc.nn_nb.cor,nbc.nn_nb.mean_ratio,nbc.nn_nb.sd_ratio,pca.expl_var.cor_init,pca.expl_var.cov_init,pca.expl_var_PC1.cor_init,pca.expl_var_PC1.cor_x,pca.expl_var_PC1.cov_init
12,1,1.3063021518517925,1.3201431388960536,1.3685735999375568,1.474605791503116,1.3030950749199641,1.3134071671613663,1.3724491016629612,1.4902034935806259,1.3066163284392547,1.3202571505069807,1.368550400777584,1.4745448785864796,1.3030591010671428,1.3136841574940021,1.3720404631237064,1.489326340013374,-0.20041676054711044,-0.7595059965715167,-0.3011853391319168,-0.8196422584444218,-0.8714791752047034,-0.49362777704503835,-1.1928881387876966,-1.022393246717475,-0.6626323329100475,0.5602048235638022,1.03691699783685,1.6587801266393136,0.701732706363245,1.8278819983315358,2.3890758035306705,1.7653737581329698,2.0166787440677445,2.527001945860678,1.513004269365815,0.8205659952243416,-0.21999555013618755,-1.3216631391220681,-0.36281317197135826,-0.5804851515153592,-0.2643087955118701,-0.330310196156248,-1.9479005195517667,-1.6650409705729778,-0.49111807022101156,-2.2102233207358073,-0.38709158671140415,-1.0342805024011201,-1.0921724127192096,1.3083869237563959,2.2650224047080605,1.914728829692069,-1.5788340755140025,-1.885845585656395,-2.044540767734396,-1.4850052855614466,0.6708203932499399,1.5470030867191007,-1.4542982946041285,-0.6960669057436463,-1.8080529325989065
