f_id,i_id,disp.diff_mean_02,disp.diff_mean_05,disp.diff_mean_10,disp.diff_mean_25,disp.diff_median_02,disp.diff_median_05,disp.diff_median_10,disp.diff_median_25,disp.ratio_mean_02,disp.ratio_mean_05,disp.ratio_mean_10,disp.ratio_mean_25,disp.ratio_median_02,disp.ratio_median_05,disp.ratio_median_10,disp.ratio_median_25,ela_distr.kurtosis,ela_distr.number_of_peaks,ela_distr.skewness,ela_level.lda_mda_10,ela_level.lda_mda_25,ela_level.lda_mda_50,ela_level.lda_qda_10,ela_level.lda_qda_25,ela_level.lda_qda_50,ela_level.mmce_lda_10,ela_level.mmce_lda_25,ela_level.mmce_lda_50,ela_level.mmce_mda_10,ela_level.mmce_mda_25,ela_level.mmce_mda_50,ela_level.mmce_qda_10,ela_level.mmce_qda_25,ela_level.mmce_qda_50,ela_level.qda_mda_10,ela_level.qda_mda_25,ela_level.qda_mda_50,ela_meta.lin_simple.adj_r2,ela_meta.lin_simple.coef.max,ela_meta.lin_simple.coef.max_by_min,ela_meta.lin_simple.coef.min,ela_meta.lin_simple.intercept,ela_meta.lin_w_interact.adj_r2,ela_meta.quad_simple.adj_r2,ela_meta.quad_simple.cond,ela_meta.quad_w_interact.adj_r2,ic.eps.max,ic.eps.ratio,ic.eps.s,ic.h.max,ic.m0,nbc.dist_ratio.coeff_var,nbc.nb_fitness.cor,nbc.nn_nb.cor,nbc.nn_nb.mean_ratio,nbc.nn_nb.sd_ratio,pca.expl_var.cor_init,pca.expl_var.cov_init,pca.expl_var_PC1.cor_init,pca.expl_var_PC1.cor_x,pca.expl_var_PC1.cov_init
3,1,1.219797525482911,1.1615020825969051,1.1651324974147401,1.127282821365261,1.185791400808121,1.1414463711438863,1.1439072646618693,1.099874117159003,1.2199680318673334,1.161811729093139,1.1648369589309895,1.1276668699372117,1.186140234943377,1.1412204421267818,1.1438881465664201,1.0995970898614453,-0.19639075275352913,0.7692467783642069,-0.1735168192292762,-0.8196422584444218,2.369249827349259,2.717784368291736,1.3725842273637687,2.0024876630911486,2.9392592997215528,0.5602048235638012,1.03691699783685,1.4780435001121779,0.7017327063632469,-1.0330667197711076,-0.9727018335268519,-0.9175544589419913,-0.863177405276082,-0.757238283431865,-1.5317895639172958,0.11919174556473255,1.598529030351541,-1.2768256586464077,-0.2712436249216402,-0.6339407256356003,0.02472696323040933,0.000603062264945889,0.5636153831551617,-0.6295476024269645,0.4369242730335295,0.7145145709831386,0.1167807803186871,1.4222422492024422,1.3770786056853888,-0.6867960954727195,-0.2583394791196798,0.5387005377709296,0.4584791729069501,-0.9578800707365286,-0.313096136177713,-0.8552667622910606,0.6708203932499399,-0.7091399635591878,-1.3936813104423942,-0.9085424313026268,0.6997709232301093
