f_id,i_id,disp.diff_mean_02,disp.diff_mean_05,disp.diff_mean_10,disp.diff_mean_25,disp.diff_median_02,disp.diff_median_05,disp.diff_median_10,disp.diff_median_25,disp.ratio_mean_02,disp.ratio_mean_05,disp.ratio_mean_10,disp.ratio_mean_25,disp.ratio_median_02,disp.ratio_median_05,disp.ratio_median_10,disp.ratio_median_25,ela_distr.kurtosis,ela_distr.number_of_peaks,ela_distr.skewness,ela_level.lda_mda_10,ela_level.lda_mda_25,ela_level.lda_mda_50,ela_level.lda_qda_10,ela_level.lda_qda_25,ela_level.lda_qda_50,ela_level.mmce_lda_10,ela_level.mmce_lda_25,ela_level.mmce_lda_50,ela_level.mmce_mda_10,ela_level.mmce_mda_25,ela_level.mmce_mda_50,ela_level.mmce_qda_10,ela_level.mmce_qda_25,ela_level.mmce_qda_50,ela_level.qda_mda_10,ela_level.qda_mda_25,ela_level.qda_mda_50,ela_meta.lin_simple.adj_r2,ela_meta.lin_simple.coef.max,ela_meta.lin_simple.coef.max_by_min,ela_meta.lin_simple.coef.min,ela_meta.lin_simple.intercept,ela_meta.lin_w_interact.adj_r2,ela_meta.quad_simple.adj_r2,ela_meta.quad_simple.cond,ela_meta.quad_w_interact.adj_r2,ic.eps.max,ic.eps.ratio,ic.eps.s,ic.h.max,ic.m0,nbc.dist_ratio.coeff_var,nbc.nb_fitness.cor,nbc.nn_nb.cor,nbc.nn_nb.mean_ratio,nbc.nn_nb.sd_ratio,pca.expl_var.cor_init,pca.expl_var.cov_init,pca.expl_var_PC1.cor_init,pca.expl_var_PC1.cor_x,pca.expl_var_PC1.cov_init
6,1,0.48874626119593445,0.5151737441034009,0.5278035905291044,0.5611306259720787,0.48149689704948195,0.5079645459858076,0.5183597340061549,0.5404785122008021,0.48866107615395726,0.5151083063093808,0.5278761634647395,0.5605554157409374,0.481284902102245,0.5077144600189037,0.5176601813494045,0.5410690244736579,-0.20019185319521507,-0.7595059965715167,-0.3646161500301335,-0.8196422584444218,-0.8556941853045624,-0.4636375813326899,-1.202173318926387,-0.9840425933587639,-0.5185421662119558,0.5602048235638012,1.0509723624897402,0.908595607140307,0.7017327063632469,1.794565733827017,1.3236955689917662,1.7886375004341346,1.8977071529470646,1.0981245683115293,1.5365202369177473,0.6654670407109176,-0.5160849495825742,-0.9836220952315065,-0.3628131718646601,-0.4912613862472893,-0.2643087953840642,-0.33031025482074367,-1.2818780327975179,-1.0772711899900036,-0.5099889530992952,-0.902236557129603,-0.387091588953174,-1.1932155161449518,-1.254209945221541,1.1935179758127432,1.0364619163996083,0.7892632835045814,-1.4248096651376378,-0.5132228809136063,-0.7824844985969014,-0.7317225605959198,0.6708203932499399,1.5470030867191007,-0.983668069693218,-0.4173433845037162,-1.8069335369896617
