f_id,i_id,disp.diff_mean_02,disp.diff_mean_05,disp.diff_mean_10,disp.diff_mean_25,disp.diff_median_02,disp.diff_median_05,disp.diff_median_10,disp.diff_median_25,disp.ratio_mean_02,disp.ratio_mean_05,disp.ratio_mean_10,disp.ratio_mean_25,disp.ratio_median_02,disp.ratio_median_05,disp.ratio_median_10,disp.ratio_median_25,ela_distr.kurtosis,ela_distr.number_of_peaks,ela_distr.skewness,ela_level.lda_mda_10,ela_level.lda_mda_25,ela_level.lda_mda_50,ela_level.lda_qda_10,ela_level.lda_qda_25,ela_level.lda_qda_50,ela_level.mmce_lda_10,ela_level.mmce_lda_25,ela_level.mmce_lda_50,ela_level.mmce_mda_10,ela_level.mmce_mda_25,ela_level.mmce_mda_50,ela_level.mmce_qda_10,ela_level.mmce_qda_25,ela_level.mmce_qda_50,ela_level.qda_mda_10,ela_level.qda_mda_25,ela_level.qda_mda_50,ela_meta.lin_simple.adj_r2,ela_meta.lin_simple.coef.max,ela_meta.lin_simple.coef.max_by_min,ela_meta.lin_simple.coef.min,ela_meta.lin_simple.intercept,ela_meta.lin_w_interact.adj_r2,ela_meta.quad_simple.adj_r2,ela_meta.quad_simple.cond,ela_meta.quad_w_interact.adj_r2,ic.eps.max,ic.eps.ratio,ic.eps.s,ic.h.max,ic.m0,nbc.dist_ratio.coeff_var,nbc.nb_fitness.cor,nbc.nn_nb.cor,nbc.nn_nb.mean_ratio,nbc.nn_nb.sd_ratio,pca.expl_var.cor_init,pca.expl_var.cov_init,pca.expl_var_PC1.cor_init,pca.expl_var_PC1.cor_x,pca.expl_var_PC1.cov_init
20,1,0.8803727399719213,0.9224070514892979,0.8721260921083196,0.7097924156535111,0.8874256002903331,0.9306867722906818,0.880103056581297,0.7144249822856501,0.8804134932280788,0.9220837867050379,0.8716924392868999,0.7096318254507656,0.8878031692205699,0.9306331425127176,0.8803096502010319,0.7145322721937478,-0.1950994554097033,0.8670648319357529,-0.1612996966754336,-0.8196422584444218,2.5948345006448297,3.0511559069253034,0.6683368992102695,1.2447646876987337,1.3537645889566154,0.5602048235638022,1.03691699783685,0.5533547272843897,0.7017327063632459,-1.0880139495581718,-1.0799764103258094,-0.5193587324075911,-0.6229832746676676,-0.6968039463774548,-1.054072778072602,1.670262475924949,5.702492164029301,-0.6574878861154551,1.5576390742221375,0.8287330122704674,0.34409635855349185,1.076877972087598,0.4470398508055263,-0.045638518714014115,0.9877440037524932,0.7145145709831386,1.9810455034049406,1.6281731647046953,1.563908356951383,-0.4522548425809276,-0.22799181311420885,0.4096082614443044,0.44243456677328125,-0.6799802466755526,-0.21292442856822236,-0.863982502623902,0.6708203932499399,-0.7091399635591878,-0.4753923059623501,-0.6960669057436463,0.6997709232301093
