f_id,i_id,disp.diff_mean_02,disp.diff_mean_05,disp.diff_mean_10,disp.diff_mean_25,disp.diff_median_02,disp.diff_median_05,disp.diff_median_10,disp.diff_median_25,disp.ratio_mean_02,disp.ratio_mean_05,disp.ratio_mean_10,disp.ratio_mean_25,disp.ratio_median_02,disp.ratio_median_05,disp.ratio_median_10,disp.ratio_median_25,ela_distr.kurtosis,ela_distr.number_of_peaks,ela_distr.skewness,ela_level.lda_mda_10,ela_level.lda_mda_25,ela_level.lda_mda_50,ela_level.lda_qda_10,ela_level.lda_qda_25,ela_level.lda_qda_50,ela_level.mmce_lda_10,ela_level.mmce_lda_25,ela_level.mmce_lda_50,ela_level.mmce_mda_10,ela_level.mmce_mda_25,ela_level.mmce_mda_50,ela_level.mmce_qda_10,ela_level.mmce_qda_25,ela_level.mmce_qda_50,ela_level.qda_mda_10,ela_level.qda_mda_25,ela_level.qda_mda_50,ela_meta.lin_simple.adj_r2,ela_meta.lin_simple.coef.max,ela_meta.lin_simple.coef.max_by_min,ela_meta.lin_simple.coef.min,ela_meta.lin_simple.intercept,ela_meta.lin_w_interact.adj_r2,ela_meta.quad_simple.adj_r2,ela_meta.quad_simple.cond,ela_meta.quad_w_interact.adj_r2,ic.eps.max,ic.eps.ratio,ic.eps.s,ic.h.max,ic.m0,nbc.dist_ratio.coeff_var,nbc.nb_fitness.cor,nbc.nn_nb.cor,nbc.nn_nb.mean_ratio,nbc.nn_nb.sd_ratio,pca.expl_var.cor_init,pca.expl_var.cov_init,pca.expl_var_PC1.cor_init,pca.expl_var_PC1.cor_x,pca.expl_var_PC1.cov_init
4,1,0.0,-0.04434611677982089,-0.1064668659465936,0.04759520026012573,-0.007617256796476366,-0.056784331450257367,-0.034919882192475736,-0.14809735824502204,0.0,0.013970505222291157,-0.13238569520892018,-0.0007494908425487451,-0.0149644752540817,-0.016656384014517946,0.01098634580191243,0.0,0.0010816164003324901,-0.006147747865441556,0.0020282166422880316,-0.029195336343351745,-0.004368033297100741,0.0,0.016054126172929294,-0.011697458121308155,-0.0046954194672153456,0.014839495360624278,0.0,-0.022994334981752095,-0.0029365947591315183,-0.09165367144816224,0.0,0.019822490478007344,0.0723736668477053,-0.0012774405416207711,0.0007504878946492006,0.0,0.0,0.03851347307313961,0.0,-0.028563459195525175,-0.006214781101247726,0.03555117982073254,-0.04239745656695752,0.0014969102779648835,0.02330642448209585,-0.041544510812235445,-0.011810565051710789,0.06688144205044229,0.05774843778372969,0.027859935888114116,0.006537788260666673,-0.000971887401595804,-0.015523404640010664,0.026824357270411256,-0.006311707022668471,-0.015334771462152674,0.0,0.07970431763705312,-0.0064511322879409645,0.02775577994126635,0.05870231702067132
