f_id,i_id,disp.diff_mean_02,disp.diff_mean_05,disp.diff_mean_10,disp.diff_mean_25,disp.diff_median_02,disp.diff_median_05,disp.diff_median_10,disp.diff_median_25,disp.ratio_mean_02,disp.ratio_mean_05,disp.ratio_mean_10,disp.ratio_mean_25,disp.ratio_median_02,disp.ratio_median_05,disp.ratio_median_10,disp.ratio_median_25,ela_distr.kurtosis,ela_distr.number_of_peaks,ela_distr.skewness,ela_level.lda_mda_10,ela_level.lda_mda_25,ela_level.lda_mda_50,ela_level.lda_qda_10,ela_level.lda_qda_25,ela_level.lda_qda_50,ela_level.mmce_lda_10,ela_level.mmce_lda_25,ela_level.mmce_lda_50,ela_level.mmce_mda_10,ela_level.mmce_mda_25,ela_level.mmce_mda_50,ela_level.mmce_qda_10,ela_level.mmce_qda_25,ela_level.mmce_qda_50,ela_level.qda_mda_10,ela_level.qda_mda_25,ela_level.qda_mda_50,ela_meta.lin_simple.adj_r2,ela_meta.lin_simple.coef.max,ela_meta.lin_simple.coef.max_by_min,ela_meta.lin_simple.coef.min,ela_meta.lin_simple.intercept,ela_meta.lin_w_interact.adj_r2,ela_meta.quad_simple.adj_r2,ela_meta.quad_simple.cond,ela_meta.quad_w_interact.adj_r2,ic.eps.max,ic.eps.ratio,ic.eps.s,ic.h.max,ic.m0,nbc.dist_ratio.coeff_var,nbc.nb_fitness.cor,nbc.nn_nb.cor,nbc.nn_nb.mean_ratio,nbc.nn_nb.sd_ratio,pca.expl_var.cor_init,pca.expl_var.cov_init,pca.expl_var_PC1.cor_init,pca.expl_var_PC1.cor_x,pca.expl_var_PC1.cov_init
3,1,0.0,0.010024559318081222,0.05173390397666001,0.022266525915168242,0.0,0.0165153744307069,0.006079390951887712,0.15328292487703088,0.02008313243239005,0.0,0.0691655931604491,0.0030498876155706416,-0.0039648992956567205,0.004136604718533594,0.008931093305943308,0.0,0.0010816164003324901,0.0,-0.07100446335026905,0.0,-0.016056736746551413,-0.008152958166310505,-0.008306956445155894,-0.0017139209942051508,0.05965876697793776,0.007914693577343774,-0.017404403146882845,0.0,-0.0014495003897791554,-0.007918832027044485,0.0,0.03175024560300116,0.0013085413159257169,0.012248017970470421,0.07146727192520859,-0.03814735360492799,0.009496229092111372,0.003028260094155081,0.0,0.055706721740376546,-0.005703429150849848,0.025752374240608777,0.030907470462798597,-0.005376790013529559,0.0034623293244124905,0.0036426069496196985,0.09290294825683196,0.08959211235405931,0.052603369228185475,-0.0012855081883911615,-0.01962776922411104,-0.0006343419321871058,0.005757458576334179,-0.04577122348474311,-0.08465753826794727,-0.025141022263780077,0.0006227800059457322,0.031005395535122368,-0.026814662805661933,0.0004350513345341839,0.06692757652906797
