f_id,i_id,disp.diff_mean_02,disp.diff_mean_05,disp.diff_mean_10,disp.diff_mean_25,disp.diff_median_02,disp.diff_median_05,disp.diff_median_10,disp.diff_median_25,disp.ratio_mean_02,disp.ratio_mean_05,disp.ratio_mean_10,disp.ratio_mean_25,disp.ratio_median_02,disp.ratio_median_05,disp.ratio_median_10,disp.ratio_median_25,ela_distr.kurtosis,ela_distr.number_of_peaks,ela_distr.skewness,ela_level.lda_mda_10,ela_level.lda_mda_25,ela_level.lda_mda_50,ela_level.lda_qda_10,ela_level.lda_qda_25,ela_level.lda_qda_50,ela_level.mmce_lda_10,ela_level.mmce_lda_25,ela_level.mmce_lda_50,ela_level.mmce_mda_10,ela_level.mmce_mda_25,ela_level.mmce_mda_50,ela_level.mmce_qda_10,ela_level.mmce_qda_25,ela_level.mmce_qda_50,ela_level.qda_mda_10,ela_level.qda_mda_25,ela_level.qda_mda_50,ela_meta.lin_simple.adj_r2,ela_meta.lin_simple.coef.max,ela_meta.lin_simple.coef.max_by_min,ela_meta.lin_simple.coef.min,ela_meta.lin_simple.intercept,ela_meta.lin_w_interact.adj_r2,ela_meta.quad_simple.adj_r2,ela_meta.quad_simple.cond,ela_meta.quad_w_interact.adj_r2,ic.eps.max,ic.eps.ratio,ic.eps.s,ic.h.max,ic.m0,nbc.dist_ratio.coeff_var,nbc.nb_fitness.cor,nbc.nn_nb.cor,nbc.nn_nb.mean_ratio,nbc.nn_nb.sd_ratio,pca.expl_var.cor_init,pca.expl_var.cov_init,pca.expl_var_PC1.cor_init,pca.expl_var_PC1.cor_x,pca.expl_var_PC1.cov_init
19,1,0.0,0.005965335153463813,0.001313123386855864,-0.00040950169616108336,0.0,0.0,0.0,0.03575954950220362,0.0,0.0,0.0022461363692337115,-0.01803729455662793,0.031616071439145736,0.0,0.0,0.0010831542447621136,0.015816591522113486,-0.048059943190965675,0.018692154562933737,-0.10314891898962875,-0.011991324878904523,0.005319400224105409,-0.007377326729381772,-0.0027905246164884835,0.0,0.0004126200119632774,0.011652125130895995,0.0,0.005529886191909553,0.019502030408246378,-0.011417276288879528,0.007733120249736233,0.03799770418982405,0.001066976017594582,0.000606389769882872,0.006956002074436416,0.0,0.00018402252098033965,-0.015068014189289327,-0.05057370107404913,-0.022590601705036767,0.025160787576093642,0.17835536047316192,-0.004547279595038227,0.007726903322649902,-0.01218123454053361,-0.024575751208939088,0.0,0.067423176071951,0.0,-0.018636116788981198,0.0010941257312465451,0.0653389821698484,-0.009205158638025027,0.04102091546743134,0.0,0.0,0.09247410722002378,0.0,0.0358379920173876,0.18138527775284605
