f_id,i_id,disp.diff_mean_02,disp.diff_mean_05,disp.diff_mean_10,disp.diff_mean_25,disp.diff_median_02,disp.diff_median_05,disp.diff_median_10,disp.diff_median_25,disp.ratio_mean_02,disp.ratio_mean_05,disp.ratio_mean_10,disp.ratio_mean_25,disp.ratio_median_02,disp.ratio_median_05,disp.ratio_median_10,disp.ratio_median_25,ela_distr.kurtosis,ela_distr.number_of_peaks,ela_distr.skewness,ela_level.lda_mda_10,ela_level.lda_mda_25,ela_level.lda_mda_50,ela_level.lda_qda_10,ela_level.lda_qda_25,ela_level.lda_qda_50,ela_level.mmce_lda_10,ela_level.mmce_lda_25,ela_level.mmce_lda_50,ela_level.mmce_mda_10,ela_level.mmce_mda_25,ela_level.mmce_mda_50,ela_level.mmce_qda_10,ela_level.mmce_qda_25,ela_level.mmce_qda_50,ela_level.qda_mda_10,ela_level.qda_mda_25,ela_level.qda_mda_50,ela_meta.lin_simple.adj_r2,ela_meta.lin_simple.coef.max,ela_meta.lin_simple.coef.max_by_min,ela_meta.lin_simple.coef.min,ela_meta.lin_simple.intercept,ela_meta.lin_w_interact.adj_r2,ela_meta.quad_simple.adj_r2,ela_meta.quad_simple.cond,ela_meta.quad_w_interact.adj_r2,ic.eps.max,ic.eps.ratio,ic.eps.s,ic.h.max,ic.m0,nbc.dist_ratio.coeff_var,nbc.nb_fitness.cor,nbc.nn_nb.cor,nbc.nn_nb.mean_ratio,nbc.nn_nb.sd_ratio,pca.expl_var.cor_init,pca.expl_var.cov_init,pca.expl_var_PC1.cor_init,pca.expl_var_PC1.cor_x,pca.expl_var_PC1.cov_init
5,1,0.0,0.0044242199620819905,0.03370048687296993,0.006979227809231155,-0.04281996401302795,0.026913187802828867,-0.03931825965552874,0.09165023568326042,-0.019582972033379505,0.0034438625571547973,0.030202626857867128,0.0,-0.005134353096779246,0.0,0.01682914668777453,0.005888712186814362,0.0,0.0007610099362113654,-0.0941921113976114,0.0065124781425082295,0.0,0.0,0.011170115480261922,0.007073120907897017,-0.01436824350383707,0.0035703911935560948,0.0,0.0,-0.0014685863114161214,0.017632836384737366,0.07421080294226205,-0.0011385749362722328,0.0021178743652151217,-0.017506646919763377,0.004076040397908774,-0.01387185948153437,0.003127233613497046,0.008399423414989574,0.0,-0.016227474806346984,0.0,-0.09688575041271155,-0.010205197694892205,0.03474846509695679,0.01216432680578003,0.0,-0.0586580278765439,-0.08686181720249983,-0.16747869078038907,0.0,0.0,0.014067431885103565,-0.03770711829720888,-0.07152012121498946,0.002989494457509267,0.0,0.0,-0.20259508032629717,-0.002736750029608812,-0.03195542398865746,-0.05266448401240231
