f_id,i_id,disp.diff_mean_02,disp.diff_mean_05,disp.diff_mean_10,disp.diff_mean_25,disp.diff_median_02,disp.diff_median_05,disp.diff_median_10,disp.diff_median_25,disp.ratio_mean_02,disp.ratio_mean_05,disp.ratio_mean_10,disp.ratio_mean_25,disp.ratio_median_02,disp.ratio_median_05,disp.ratio_median_10,disp.ratio_median_25,ela_distr.kurtosis,ela_distr.number_of_peaks,ela_distr.skewness,ela_level.lda_mda_10,ela_level.lda_mda_25,ela_level.lda_mda_50,ela_level.lda_qda_10,ela_level.lda_qda_25,ela_level.lda_qda_50,ela_level.mmce_lda_10,ela_level.mmce_lda_25,ela_level.mmce_lda_50,ela_level.mmce_mda_10,ela_level.mmce_mda_25,ela_level.mmce_mda_50,ela_level.mmce_qda_10,ela_level.mmce_qda_25,ela_level.mmce_qda_50,ela_level.qda_mda_10,ela_level.qda_mda_25,ela_level.qda_mda_50,ela_meta.lin_simple.adj_r2,ela_meta.lin_simple.coef.max,ela_meta.lin_simple.coef.max_by_min,ela_meta.lin_simple.coef.min,ela_meta.lin_simple.intercept,ela_meta.lin_w_interact.adj_r2,ela_meta.quad_simple.adj_r2,ela_meta.quad_simple.cond,ela_meta.quad_w_interact.adj_r2,ic.eps.max,ic.eps.ratio,ic.eps.s,ic.h.max,ic.m0,nbc.dist_ratio.coeff_var,nbc.nb_fitness.cor,nbc.nn_nb.cor,nbc.nn_nb.mean_ratio,nbc.nn_nb.sd_ratio,pca.expl_var.cor_init,pca.expl_var.cov_init,pca.expl_var_PC1.cor_init,pca.expl_var_PC1.cor_x,pca.expl_var_PC1.cov_init
12,1,0.0007471029666996781,-0.010731489160465232,-0.0005053854623070829,0.004704167445376198,0.0,0.03276989667142092,0.005994360353500443,0.0,0.014201799787173144,0.004558175780014264,0.01199575300026729,0.0016185382097766018,-0.016144574882062373,0.0,0.0,0.0,0.010462943814233721,0.0,0.0023964162634956265,0.0,-0.004570018853832363,-0.019501880254381,0.0,-0.02787590149951394,0.009649236134137758,0.0,0.0,-0.0150064110740122,0.0,-0.0006531331713724529,-0.006827558492107206,-0.01028483971377249,-0.029568853089881674,-0.004635585554988565,0.003473740760847409,0.0006013802158105442,0.0,-0.0007912350290026852,-0.0112707612865373,-0.00842683993835946,-0.18144566333986709,-0.4365976497112809,-0.0010231797147500013,0.021132433963177252,-0.00788282475476058,0.0018748686921957515,-0.14706052030097372,-0.11086001206384803,-0.3320966335578398,0.06236052266534565,0.006984476453617456,-0.0063318086808655544,0.0025374138905335207,-0.04605081454188316,0.016581324010721113,0.011608555464504481,0.00151220335178553,-0.1443640848651024,0.007795057766387703,-0.06065613260851943,0.0
