f_id,i_id,ic.eps.max,pca.expl_var_PC1.cov_init,ela_meta.lin_simple.coef.min,ic.eps.ratio,disp.diff_median_05,pca.expl_var_PC1.cor_x,ela_meta.lin_w_interact.adj_r2,ela_meta.quad_simple.adj_r2,disp.ratio_median_10,disp.ratio_mean_10,nbc.nn_nb.mean_ratio,nbc.dist_ratio.coeff_var,ela_level.mmce_qda_50,disp.ratio_median_02,ela_meta.lin_simple.intercept,nbc.nb_fitness.cor,disp.diff_mean_05,ela_level.lda_mda_50,ela_level.mmce_mda_25,ela_meta.lin_simple.coef.max,ic.eps.s,nbc.nn_nb.sd_ratio,disp.ratio_mean_25,disp.diff_mean_25,ela_distr.kurtosis,ela_level.qda_mda_25,ela_level.mmce_mda_10,ela_distr.skewness,pca.expl_var_PC1.cor_init,ela_level.mmce_mda_50
16,1,-0.3870915898721603,-1.811092322622485,-0.2643087956376582,-1.5849910355107346,0.8374135498619167,-2.40175980991061,-1.95252501362424,-1.6655781782784365,0.8690263872729022,0.8759142973889193,-1.5842409059620823,1.4300695206463316,2.5139941615072225,0.7854098280146723,-0.3303101579326833,-1.750057520159191,0.8519548816504496,-0.4929582556817826,1.8367315430169788,-0.3628131720162838,-1.537865771167551,-1.1713472673604686,0.9537473176053898,0.9543771662513896,-0.1910476669900343,0.837292565338628,0.7017327063632459,-0.3664034931776117,-1.5031529982525096,2.3904302821123653
