f_id,i_id,disp.diff_median_25,ic.eps.ratio,ic.eps.s,disp.diff_mean_10,ela_meta.lin_w_interact.adj_r2,disp.diff_median_05,nbc.nn_nb.sd_ratio,pca.expl_var_PC1.cov_init,ic.eps.max,disp.ratio_mean_10,pca.expl_var.cov_init,ela_meta.lin_simple.coef.max_by_min,ela_distr.skewness,ela_meta.lin_simple.intercept,ela_level.lda_qda_10,ela_level.lda_qda_50,disp.diff_mean_02,nbc.dist_ratio.coeff_var,disp.ratio_median_25,ela_level.lda_mda_10,ela_meta.lin_simple.coef.max,ela_level.qda_mda_10,ela_distr.number_of_peaks,ela_level.mmce_qda_10,ela_meta.lin_simple.adj_r2,disp.ratio_median_10,ela_level.qda_mda_50,ela_level.lda_mda_50,ic.m0,nbc.nn_nb.cor
2,1,-1.648573091927689,1.7070042228230262,1.59552895484075,-1.7177286343478964,0.4611918995542994,-1.689928587637547,1.9107592065521344,0.6997709232301093,9.708898038767956,-1.7175306586551466,-0.7091399635591878,-0.2675517957398391,-0.2793886607646793,16.225551352235414,0.136781455556143,-0.3322198752005171,-1.6799206618507971,-1.5408211863278567,-1.6479940753347768,0.8881147784648106,10.318927238235643,-0.2791054284842744,-0.7595059965715167,-0.4333002902174427,0.9676656771507582,-1.7040025430697834,-0.2921395306930516,-0.3373600547145131,-0.6446190625923456,1.7978735447212566
