f_id,i_id,ela_meta.lin_simple.coef.min,ela_meta.lin_simple.intercept,ic.eps.s,ela_meta.lin_w_interact.adj_r2,pca.expl_var.cov_init,ic.eps.ratio,pca.expl_var_PC1.cor_x,ela_meta.quad_simple.adj_r2,ela_meta.lin_simple.coef.max,ic.eps.max,disp.diff_median_25,ela_distr.skewness,ela_distr.number_of_peaks,nbc.nn_nb.cor,disp.ratio_median_25,nbc.nn_nb.sd_ratio,ela_meta.quad_simple.cond,ic.h.max,ela_level.mmce_qda_50,disp.diff_mean_25,ela_level.lda_mda_50,pca.expl_var_PC1.cov_init,ela_level.mmce_mda_50,ela_level.lda_mda_10,nbc.nn_nb.mean_ratio,ela_level.lda_mda_25,disp.diff_median_02,ela_level.qda_mda_25,disp.ratio_mean_10,disp.ratio_mean_05
3,1,0.0247269632304093,0.0006030622649458,1.3770786056853888,0.5636153831551617,-0.7091399635591878,1.4222422492024422,-0.9085424313026268,-0.6295476024269645,-0.2712436249216402,0.1167807803186871,1.099874117159003,-0.1735168192292762,0.7692467783642069,-0.9578800707365286,1.099597089861445,-0.8552667622910606,0.4369242730335295,-0.6867960954727195,-0.757238283431865,1.127282821365261,2.717784368291736,0.6997709232301093,-0.972701833526852,-0.8196422584444218,-0.313096136177713,2.369249827349259,1.185791400808121,0.1191917455647325,1.1648369589309897,1.161811729093139
