f_id,i_id,ela_meta.lin_simple.coef.min,ic.eps.ratio,pca.expl_var_PC1.cor_x,pca.expl_var.cov_init,pca.expl_var_PC1.cov_init,disp.diff_median_25,ic.eps.max,disp.ratio_median_02,ela_meta.lin_simple.coef.max_by_min,disp.diff_median_02,ela_meta.lin_simple.intercept,ela_meta.lin_simple.coef.max,ela_meta.quad_simple.adj_r2,nbc.nn_nb.sd_ratio,disp.ratio_mean_25,disp.diff_median_10,ela_level.mmce_mda_25,disp.ratio_median_10,ela_meta.quad_w_interact.adj_r2,nbc.dist_ratio.coeff_var,ic.eps.s,disp.diff_mean_02,ela_meta.quad_simple.cond,ela_distr.skewness,ic.m0,disp.ratio_median_25,ela_meta.lin_simple.adj_r2,ela_distr.kurtosis,disp.diff_mean_25,disp.ratio_mean_05
24,1,-0.2643086398442603,-0.7411492131222048,2.045289959374601,-0.7091399635591878,0.5372913959583397,-1.267142128275984,-0.3870915696335733,-1.1680844464832407,-0.504673221727629,-1.1673865315680851,-0.3303100126011118,-0.3628130899504982,0.2324713071147729,0.8716867349461489,-1.2375531655791987,-1.3299772778390309,0.3247014709433771,-1.3298473292870654,0.400376643402793,-0.9509385747299832,-0.5407734907192381,-1.1093596787909066,-0.5299838060678068,-0.028139668869901,-0.6675165683033386,-1.2674261683277466,0.7977239239526568,-0.1849390706514483,-1.237310206760201,-1.2139507826156513
