f_id,i_id,ic.eps.ratio,ic.eps.s,disp.diff_median_25,ela_meta.lin_simple.coef.min,pca.expl_var.cov_init,pca.expl_var_PC1.cov_init,ela_meta.lin_simple.coef.max_by_min,ela_distr.skewness,ic.eps.max,ela_meta.lin_simple.intercept,nbc.nn_nb.mean_ratio,ela_level.lda_qda_10,ela_level.qda_mda_25,ela_meta.lin_w_interact.adj_r2,disp.ratio_median_10,disp.diff_median_10,ela_level.lda_mda_10,ela_level.lda_qda_25,disp.diff_mean_02,disp.diff_median_02,nbc.nb_fitness.cor,ela_meta.quad_simple.adj_r2,disp.ratio_median_02,nbc.dist_ratio.coeff_var,nbc.nn_nb.cor,ela_level.lda_mda_50,ela_level.mmce_qda_10,pca.expl_var_PC1.cor_init,ela_meta.lin_simple.coef.max,ela_meta.quad_simple.cond
23,1,-0.3613465043029039,-0.3820257298253732,-0.8923834407057374,-0.2643081405704403,-0.7091399635591878,0.6910741941550652,-0.2232783525029678,-0.2229406247870189,-0.3870910545904317,-0.3303096349153961,0.9297653647408218,1.2311802420355418,0.2073372507527012,0.2165466746555813,-0.6316585361594454,-0.6317526649869561,0.7605567708510184,0.0682843365953864,-0.4945527845650599,-0.5068872398978683,0.1045155299287265,1.0681446499339071,-0.5070504559263951,-0.8976830449993172,0.7633317526656157,-0.2509624592811869,-0.5981558268078819,0.7082048322950172,-0.3628125226528162,-0.533022481447595
