f_id,i_id,ic.eps.s,pca.expl_var_PC1.cov_init,ic.eps.max,ic.eps.ratio,nbc.nb_fitness.cor,nbc.nn_nb.mean_ratio,ela_distr.skewness,disp.ratio_mean_25,pca.expl_var.cov_init,ela_meta.lin_simple.intercept,ela_meta.quad_simple.adj_r2,pca.expl_var_PC1.cor_x,disp.ratio_mean_10,pca.expl_var_PC1.cor_init,disp.diff_mean_05,disp.diff_median_25,ela_level.qda_mda_25,disp.ratio_median_25,ela_distr.number_of_peaks,ela_meta.lin_simple.coef.max_by_min,ic.m0,ela_level.lda_qda_10,ic.h.max,ela_meta.lin_simple.adj_r2,ela_meta.lin_simple.coef.max,disp.diff_median_02,ela_meta.quad_w_interact.adj_r2,ela_level.lda_qda_25,disp.diff_mean_02,ela_level.lda_qda_50
15,1,1.1886273475938285,0.6997709232301089,-0.3823869564366686,0.9295170697549592,1.403974705416127,0.9715121977933866,0.4695157982057315,-1.194926226761585,-0.7091399635591878,-0.3134830311515432,-0.4071478083202955,-1.346818460777927,-1.3723605077080847,-0.3092478997356324,-1.4659335661912862,-1.1799667676055896,-0.2998542000514417,-1.1804534039717276,2.760493326881908,0.5123102244725636,-0.25946390565332,-0.5521773058838665,-1.7633281545540862,-0.5218158100480292,-0.311542230547695,-1.495495030426197,0.1495276818625806,-0.2341936576285551,-1.51844322655361,-0.2698872101256254
