f_id,i_id,ic.eps.max,ic.eps.s,ic.eps.ratio,ela_meta.lin_w_interact.adj_r2,ela_meta.lin_simple.coef.min,pca.expl_var_PC1.cov_init,pca.expl_var.cov_init,disp.ratio_mean_25,ela_level.mmce_qda_50,ela_meta.lin_simple.intercept,ela_level.mmce_lda_25,pca.expl_var.cor_init,ela_meta.lin_simple.coef.max,nbc.nn_nb.mean_ratio,ela_meta.quad_simple.adj_r2,disp.ratio_median_25,ela_level.lda_qda_50,disp.diff_median_25,ela_level.mmce_mda_50,disp.ratio_median_10,disp.diff_median_05,ela_level.lda_mda_10,disp.diff_mean_05,disp.ratio_mean_10,ela_level.qda_mda_25,nbc.nn_nb.sd_ratio,nbc.dist_ratio.coeff_var,ela_level.mmce_qda_25,ic.m0,disp.diff_mean_10
13,1,-0.3870915889531739,-1.2360472210695523,-1.199378031654224,0.99699298875002,-0.2643087950006464,-1.8046953580654208,1.5470030867191007,-1.3564836198797583,-0.6358820126665206,-0.3303101865112998,-1.7705198034864835,-1.6201851746019624,-0.3628131709624064,1.2997204521371586,1.5653358914616555,-1.3346858898801237,-0.434928560851585,-1.335201468999693,-0.5887653278267782,-1.4974189810266405,-1.557721681595633,1.6978687530455876,-1.5779566235889122,-1.516272611767075,-0.1406473411790094,2.274201418750518,-1.449824325639392,-0.8277734869456536,-0.9242882288537646,-1.5163011924503724
