f_id,i_id,ela_meta.lin_simple.coef.min,ela_meta.lin_simple.intercept,ic.eps.max,ela_meta.quad_simple.adj_r2,pca.expl_var_PC1.cor_x,ela_meta.lin_w_interact.adj_r2,ic.eps.s,ela_level.mmce_qda_50,ic.eps.ratio,ela_level.lda_mda_10,ela_meta.lin_simple.coef.max,disp.ratio_mean_10,disp.diff_median_02,disp.diff_median_05,ela_meta.lin_simple.adj_r2,nbc.nn_nb.mean_ratio,ela_level.mmce_qda_10,ela_meta.lin_simple.coef.max_by_min,ela_meta.quad_simple.cond,nbc.nn_nb.sd_ratio,nbc.dist_ratio.coeff_var,disp.diff_mean_05,ela_level.lda_qda_10,disp.ratio_median_02,disp.ratio_median_10,ela_level.qda_mda_25,ela_level.mmce_mda_50,disp.ratio_median_05,disp.ratio_mean_25,disp.diff_median_10
12,1,-0.2643087955118701,-0.330310196156248,-0.3870915867114041,-1.6650409705729778,-0.6960669057436463,-1.947900519551767,-1.0921724127192096,2.527001945860678,-1.03428050240112,-0.8196422584444218,-0.3628131719713582,1.368550400777584,1.303095074919964,1.3134071671613663,-1.321663139122068,-2.044540767734396,1.7653737581329698,-0.5804851515153592,-0.4911180702210115,-1.4850052855614466,1.914728829692069,1.3201431388960536,-1.1928881387876966,1.3030591010671428,1.3720404631237064,0.8205659952243416,2.3890758035306705,1.313684157494002,1.4745448785864796,1.3724491016629612
