f_id,i_id,ic.eps.ratio,ic.eps.s,ela_meta.lin_simple.coef.min,ela_level.mmce_qda_50,ela_meta.lin_simple.intercept,ic.eps.max,nbc.nb_fitness.cor,pca.expl_var_PC1.cov_init,disp.diff_median_25,ela_meta.lin_simple.coef.max,disp.ratio_mean_25,ela_meta.lin_w_interact.adj_r2,ela_level.mmce_mda_50,disp.ratio_mean_10,disp.diff_median_05,ela_level.qda_mda_10,disp.ratio_median_25,nbc.dist_ratio.coeff_var,disp.diff_mean_02,nbc.nn_nb.mean_ratio,disp.diff_mean_25,ic.h.max,ela_meta.lin_simple.coef.max_by_min,disp.ratio_median_05,pca.expl_var_PC1.cor_x,disp.diff_median_10,disp.diff_mean_10,ela_level.lda_mda_10,nbc.nn_nb.cor,disp.ratio_median_02
14,1,-0.8301112140513348,-0.8861173381373818,-0.2643087768522058,-0.3234008031961543,-0.330310159773561,-0.3870915741728092,-0.2748287176955052,-1.619463854074522,-1.727973168988714,-0.3628131638931917,-1.7504398867102606,0.3767471042962513,-0.1968571676949979,-1.7472388484716468,-1.6913123639270882,-0.2423286982093478,-1.7273860661299707,-1.6359173983581157,-1.7028936262362957,1.4877487487802172,-1.749593949228792,0.7132001805375516,-0.5580226437938358,-1.6911106597476795,-0.3482448474577773,-1.720661930244165,-1.7468272336368171,0.9947835129489264,2.530138420687738,-1.6875606163194514
