f_id,i_id,ic.eps.ratio,pca.expl_var_PC1.cov_init,ic.eps.max,ela_meta.lin_simple.intercept,ela_meta.lin_simple.coef.min,nbc.nb_fitness.cor,ela_meta.lin_w_interact.adj_r2,ic.eps.s,disp.diff_median_25,ela_meta.lin_simple.coef.max,pca.expl_var.cov_init,ela_meta.quad_simple.adj_r2,pca.expl_var_PC1.cor_x,ela_level.mmce_qda_50,disp.ratio_mean_25,ela_level.mmce_mda_50,disp.ratio_median_25,disp.ratio_mean_10,ela_level.qda_mda_25,disp.ratio_median_02,ela_distr.skewness,disp.ratio_median_10,disp.diff_mean_10,disp.diff_mean_02,nbc.nn_nb.mean_ratio,disp.ratio_median_05,ela_level.lda_qda_50,nbc.dist_ratio.coeff_var,disp.ratio_mean_05,ela_level.lda_mda_10
9,1,-0.8122872925534521,-1.6390590593694443,-0.387091571422812,-0.3303102014254781,-0.2643087293723067,-0.5119983841304256,0.1744439633386497,-0.8686535378719265,-1.3905408592563706,-0.3628131634186661,1.8617765032987292,0.6551595958120097,0.827852441328382,-0.1104925854326013,-1.403410446603609,-0.0316011093822474,-1.390981070303834,-1.3117177440257244,-0.2937193999222099,-1.1100942878322322,-0.2995547239148872,-1.3091545234461217,-1.3113767169152062,-1.1096866657678948,0.6502408234225898,-1.2142885540156512,-0.3024134871394829,-0.6582509654627502,-1.2209469519905505,0.139725503471322
