f_id,i_id,ic.eps.ratio,ic.eps.s,pca.expl_var.cov_init,disp.diff_median_25,ela_meta.lin_simple.coef.min,disp.diff_mean_02,ela_level.qda_mda_25,disp.diff_mean_25,ela_meta.quad_simple.cond,ela_level.lda_qda_50,ela_meta.lin_simple.coef.max_by_min,ela_meta.quad_simple.adj_r2,disp.ratio_median_02,ela_level.lda_mda_50,disp.ratio_median_10,ic.eps.max,nbc.nn_nb.mean_ratio,ela_level.mmce_lda_10,ela_meta.lin_simple.adj_r2,nbc.nn_nb.sd_ratio,disp.ratio_mean_02,nbc.nn_nb.cor,disp.diff_median_05,ela_level.mmce_qda_50,disp.diff_median_10,ic.m0,nbc.nb_fitness.cor,nbc.dist_ratio.coeff_var,ela_distr.kurtosis,ela_meta.lin_w_interact.adj_r2
27,1,-0.30927903630782,-0.2748538454489436,-0.7091399635591878,0.3251732061757595,-0.2643010529022396,0.0902420118826281,0.3932312075638467,0.3278659174116793,-0.2608703828642921,-0.2418570798114071,-0.7543609766714439,-0.131459672691331,0.0635098405862617,-0.2213956277849644,0.0332294299015731,-0.3870908840209889,0.0781544159884068,-2.4437191945544816,0.0431207656137668,-0.2865955980298272,0.0902707512544486,-0.1783290043532205,-0.0713534777032423,-0.3241269340111044,0.0332278709967515,-0.6984832190745411,0.5460082745463637,-0.0561672548204141,-0.1863369202450739,0.6056713410351466
