f_id,i_id,ic.eps.max,pca.expl_var_PC1.cor_x,ic.eps.ratio,ela_meta.lin_simple.coef.min,disp.diff_median_02,ela_level.lda_mda_10,ela_meta.quad_simple.adj_r2,pca.expl_var.cov_init,ic.eps.s,ela_distr.skewness,ela_meta.lin_simple.intercept,disp.ratio_median_25,pca.expl_var_PC1.cov_init,ela_meta.lin_simple.coef.max,ela_level.mmce_mda_25,nbc.nn_nb.mean_ratio,nbc.dist_ratio.coeff_var,ela_level.mmce_lda_25,ela_distr.kurtosis,ic.h.max,pca.expl_var.cor_init,ela_level.qda_mda_50,ela_meta.lin_simple.adj_r2,ela_meta.lin_simple.coef.max_by_min,pca.expl_var_PC1.cor_init,nbc.nn_nb.sd_ratio,ela_meta.lin_w_interact.adj_r2,ic.m0,ela_meta.quad_simple.cond,ela_meta.quad_w_interact.adj_r2
28,1,-0.3870910028904853,0.0640254689093259,-0.3555630917899406,-0.2643037522906144,1.5267026731775868,0.0173547870712303,-1.2905933991610032,-0.7091399635591878,-0.3368456185959243,30.357624014630527,-0.3303093170033695,1.0141974647773164,0.6993499943478496,-0.3628125999162515,-0.3508476742017636,-0.3963291131786854,0.4611519518628458,-1.3509583224332258,228.69950194769413,0.2690651433508105,0.6708203932499399,-0.4257138620778949,-0.911276202297606,-0.7454049085588664,-0.9468476576644204,-0.779266642603325,-1.3867655974324395,-0.608051773596167,-0.5543500508611181,-1.6748080779654937
