f_id,i_id,ic.eps.max,ic.eps.ratio,pca.expl_var.cov_init,pca.expl_var_PC1.cor_x,ela_meta.lin_simple.coef.min,pca.expl_var_PC1.cov_init,ela_meta.lin_w_interact.adj_r2,ela_meta.lin_simple.intercept,disp.diff_median_25,ela_meta.quad_simple.adj_r2,ela_meta.lin_simple.coef.max_by_min,ela_meta.quad_w_interact.adj_r2,ela_distr.number_of_peaks,disp.ratio_median_02,ic.eps.s,ela_meta.lin_simple.adj_r2,ela_distr.skewness,disp.ratio_median_10,ela_level.mmce_mda_25,ela_level.mmce_mda_50,disp.ratio_median_25,disp.diff_mean_25,ela_level.lda_qda_25,ela_level.mmce_lda_10,ic.h.max,pca.expl_var.cor_init,disp.diff_median_05,ela_meta.quad_simple.cond,pca.expl_var_PC1.cor_init,ela_meta.lin_simple.coef.max
21,1,0.2773383002113514,1.4572270993322751,-0.7091399635591878,-0.9802191553634436,0.0441500378286899,0.6997709232301093,1.2278069555740347,0.2574353650468293,0.3805090745142272,0.9725706568989124,2.4606759311106337,0.7145145709831386,0.7692467783642069,0.6917761539251827,1.4202378523178,1.4421316858460784,-0.1678333874943988,0.6239488222711033,0.0750648770050986,-0.775922805231603,0.3808336174386134,0.3740334110467764,4.49994183160346,0.5639924552494197,-0.7391866817130132,-1.6201851746019624,0.7456931437429474,0.7519237265693632,1.2407746236942685,1.29778962106007
