f_id,i_id,ic.eps.ratio,pca.expl_var_PC1.cor_x,ela_meta.lin_w_interact.adj_r2,pca.expl_var_PC1.cov_init,ela_level.qda_mda_25,ic.eps.s,ela_meta.lin_simple.intercept,nbc.dist_ratio.coeff_var,ela_meta.lin_simple.coef.min,nbc.nn_nb.mean_ratio,ic.eps.max,ela_meta.quad_simple.adj_r2,disp.ratio_mean_25,ela_level.qda_mda_10,ela_distr.skewness,ela_distr.kurtosis,disp.ratio_median_02,disp.diff_mean_05,disp.ratio_median_25,ela_meta.lin_simple.coef.max,ela_level.mmce_mda_25,ela_level.mmce_qda_10,disp.diff_mean_25,disp.ratio_median_10,ela_meta.quad_simple.cond,ela_level.lda_mda_50,ela_distr.number_of_peaks,pca.expl_var_PC1.cor_init,ic.h.max,ela_level.mmce_lda_50
17,1,1.4222422492024422,-0.6960669057436463,1.0284089604971172,0.6997709232301089,0.2938396794520356,1.389376139476093,0.0042045862588655,0.2940087843302751,-0.0552080562684202,-0.1329451696510771,0.1051847941067654,-0.999715701757082,0.8235275810493758,-0.7178339868470356,-0.0959769838294964,-0.1884031104457856,0.6785134510068037,0.6155791553735918,0.8421974085173347,-0.2109773254622484,-1.0472172459915394,-0.2294402625700094,0.823747317179362,0.689162524050989,0.3059783655332917,5.146602894085159,0.5756642211121047,-1.2976761325868382,-0.5773601533005868,1.2416965481710414
