f_id,i_id,ela_meta.lin_simple.coef.min,ic.eps.ratio,ela_meta.lin_w_interact.adj_r2,ic.eps.max,ic.eps.s,ela_meta.quad_simple.adj_r2,disp.diff_median_25,ela_level.mmce_qda_50,ela_meta.lin_simple.coef.max,pca.expl_var_PC1.cov_init,ela_distr.number_of_peaks,disp.ratio_median_10,disp.diff_median_02,pca.expl_var_PC1.cor_x,nbc.nn_nb.mean_ratio,ela_level.lda_mda_50,ela_meta.lin_simple.intercept,ela_level.mmce_qda_25,disp.diff_median_05,ela_level.lda_mda_10,ela_level.lda_qda_10,nbc.dist_ratio.coeff_var,nbc.nn_nb.sd_ratio,nbc.nb_fitness.cor,ela_level.qda_mda_25,disp.ratio_median_25,disp.ratio_median_02,ela_distr.skewness,disp.ratio_median_05,ela_level.mmce_lda_25
5,1,-0.2643087956372956,-1.4883208548376448,-1.9501023142797624,-0.3870915898095021,-1.5315888038546897,-1.6650409705729778,1.5067244728473057,2.534726923236645,-0.3628131720162838,-1.8069335369896613,-0.7595059965715167,1.4026039332201423,1.3382930855511463,-0.4173433845035862,-2.023768619896807,-0.4934436564833296,-0.3303102644404391,2.0166787440677445,1.3925216410202073,-0.8196422584444218,-1.1928881387876973,1.917764532158114,-1.2821345041790957,-2.3188936144827084,0.8205659952243425,1.5068743823773243,1.3383184196774909,-0.4474437034499685,1.392369162422005,1.03691699783685
