f_id,i_id,ela_meta.lin_simple.coef.min,ic.eps.ratio,pca.expl_var_PC1.cov_init,ela_distr.skewness,disp.diff_median_25,ic.eps.max,ela_meta.lin_simple.intercept,disp.ratio_median_25,pca.expl_var.cov_init,ela_meta.quad_simple.adj_r2,ela_meta.lin_simple.coef.max,disp.ratio_median_10,nbc.dist_ratio.coeff_var,disp.ratio_median_02,ela_meta.lin_simple.adj_r2,ela_level.mmce_qda_10,ela_distr.kurtosis,ela_level.mmce_mda_25,ic.eps.s,disp.ratio_mean_10,ela_meta.lin_w_interact.adj_r2,ic.h.max,disp.diff_mean_02,ela_level.lda_mda_10,nbc.nn_nb.sd_ratio,ela_meta.lin_simple.coef.max_by_min,ela_level.lda_mda_50,ela_level.qda_mda_25,nbc.nn_nb.cor,disp.diff_mean_05
20,1,0.3440963585534918,1.6281731647046953,0.6997709232301093,-0.1612996966754336,0.7144249822856501,1.9810455034049408,1.076877972087598,0.7145322721937478,-0.7091399635591878,-0.0456385187140141,1.5576390742221375,0.8803096502010319,0.4096082614443044,0.8878031692205699,-0.6574878861154551,-0.5193587324075911,-0.1950994554097033,-1.0880139495581718,1.563908356951383,0.8716924392868999,0.4470398508055263,-0.4522548425809276,0.8803727399719213,-0.8196422584444218,-0.863982502623902,0.8287330122704674,3.051155906925304,1.670262475924949,-0.6799802466755526,0.922407051489298
