f_id,i_id,ic.eps.ratio,ic.eps.max,ela_meta.lin_simple.coef.min,nbc.nb_fitness.cor,ela_meta.lin_w_interact.adj_r2,ela_meta.lin_simple.coef.max,pca.expl_var_PC1.cov_init,pca.expl_var.cov_init,ela_meta.lin_simple.intercept,ela_distr.skewness,ic.eps.s,disp.diff_median_25,ela_meta.quad_simple.adj_r2,ela_level.mmce_qda_50,pca.expl_var_PC1.cor_x,disp.ratio_mean_25,ela_level.mmce_mda_50,disp.ratio_median_05,disp.ratio_median_02,ela_level.qda_mda_25,nbc.dist_ratio.coeff_var,disp.ratio_mean_10,nbc.nn_nb.mean_ratio,ela_distr.number_of_peaks,disp.ratio_median_25,disp.diff_mean_02,ela_level.lda_qda_50,ela_level.mmce_qda_10,disp.ratio_mean_05,nbc.nn_nb.cor
10,1,-0.4541452726818792,-0.3870912959148659,-0.2643087470095236,-1.9163963566466649,-1.81501281252392,-0.3628131506953901,0.4809688326428748,-0.7091399635591877,-0.3303098277042856,-0.3699529920242241,-0.5237222416942361,1.4644649060161117,-1.4778452847781909,1.975872791098064,-0.3482448474577773,1.4606487905676808,1.922115297237099,1.316039237371058,1.2562832857936332,0.8205659952243416,1.948208783282486,1.3485408470958913,-2.0898152927824354,-0.7595059965715167,1.464830506735125,1.275811243951448,-0.6581774936868613,1.7653737581329698,1.309639197094856,-1.4302122807691728
