f_id,i_id,ic.eps.s,ic.eps.ratio,pca.expl_var.cov_init,disp.diff_median_25,disp.diff_mean_02,ela_meta.lin_simple.coef.min,ela_level.qda_mda_25,ic.eps.max,ela_level.lda_mda_50,ela_level.mmce_lda_25,ela_meta.lin_simple.intercept,ela_level.lda_qda_50,disp.ratio_median_02,disp.ratio_mean_02,disp.diff_mean_10,disp.diff_median_05,ela_meta.quad_simple.adj_r2,ela_meta.lin_simple.coef.max_by_min,disp.diff_mean_25,nbc.nn_nb.mean_ratio,ela_distr.kurtosis,ela_level.mmce_lda_10,ela_meta.lin_simple.adj_r2,nbc.dist_ratio.coeff_var,nbc.nn_nb.sd_ratio,ela_level.mmce_qda_50,nbc.nb_fitness.cor,disp.diff_median_10,disp.ratio_mean_05,ic.m0
29,1,1.1706315857973282,1.1724764457449697,-0.7091399635591878,1.3558551273856898,1.0606949899614346,-0.1417772842532315,-0.3269332456235009,-0.301355926616616,-0.4216901248440991,-1.8640145955909864,-0.2438076364344712,-0.4284729170493753,1.056140030802012,1.060696103301206,1.273254797191227,1.2413786912407088,0.3133834635819012,-0.1934600960805715,1.3364585521669634,-1.0110243022042522,-0.1835986325536272,-1.9181505086125228,0.94675162069219,0.9803402077971278,-0.8509112731828029,-0.5575770399217957,0.5816584403362762,1.2852070682815335,1.2193528803647402,-0.9453480841273564
