f_id,i_id,ela_meta.lin_simple.coef.min,ic.eps.ratio,pca.expl_var_PC1.cor_x,pca.expl_var.cov_init,ic.eps.max,ela_meta.quad_simple.adj_r2,ela_level.lda_mda_10,ela_meta.lin_simple.coef.max_by_min,disp.diff_median_02,pca.expl_var_PC1.cov_init,ela_meta.lin_simple.coef.max,ic.eps.s,disp.ratio_mean_25,ela_meta.lin_simple.intercept,disp.ratio_median_02,disp.ratio_median_10,nbc.nn_nb.sd_ratio,disp.diff_median_10,ela_meta.quad_w_interact.adj_r2,ela_level.mmce_mda_25,nbc.dist_ratio.coeff_var,ela_level.qda_mda_10,disp.diff_mean_02,ela_meta.quad_simple.cond,ela_distr.skewness,ela_level.mmce_mda_50,ela_distr.kurtosis,disp.ratio_median_25,ela_level.mmce_qda_25,ela_meta.lin_w_interact.adj_r2
25,1,-0.2643087737848638,-0.6762841720099838,0.6166445665684667,1.245821993205063,-0.3870915475082795,-0.9883555681009194,-0.8196422584444218,-0.6612186978429061,0.2645053022303051,-0.0689344707989136,-0.3628131662040472,-0.6664686465201168,0.1580006655895324,-0.3303100189962764,0.2646534061397772,0.1997319302989995,0.2455541650640082,0.1990784347336981,0.7018069027203071,-0.067515242559274,-0.4534129670083242,-0.5185795267965735,0.2977126519904093,-0.3492113468676307,-0.1232722898949413,-0.4018728906377245,-0.1902842926256041,0.1237773851852935,-0.4119228615379309,0.8999637504482129
