f_id,i_id,ela_meta.lin_simple.intercept,ic.eps.ratio,pca.expl_var.cov_init,ela_meta.lin_w_interact.adj_r2,ic.eps.max,pca.expl_var_PC1.cov_init,ela_meta.lin_simple.coef.min,ela_meta.lin_simple.coef.max,ic.eps.s,disp.ratio_median_10,pca.expl_var_PC1.cor_x,nbc.nb_fitness.cor,ela_level.mmce_qda_50,disp.ratio_mean_25,disp.diff_mean_05,disp.diff_mean_25,disp.ratio_median_25,disp.ratio_median_05,disp.ratio_mean_10,ela_level.mmce_mda_50,ela_distr.skewness,disp.ratio_median_02,ela_level.lda_qda_10,ela_level.mmce_qda_25,ela_level.lda_qda_50,ela_level.mmce_qda_10,disp.ratio_mean_05,ela_level.lda_mda_50,ela_level.qda_mda_50,disp.diff_median_02
30,1,-0.3135266127985206,0.9686240752998688,-0.7091399635591878,0.830091002574343,-0.3707621666675044,0.6997709232301093,-0.0416682007418254,-0.3241868255163351,1.0159679765470673,0.5576166889066144,1.5646810300428078,0.9952116696477368,-0.4978836871874065,0.6583610232319757,0.4955817006425625,0.6583988080137073,0.6640106591345429,0.484151266065467,0.5388725146328994,-0.4991520558606075,0.0065584641317499,0.4389448045436638,1.6222346516705628,-0.5308646144419468,-0.6040395160648175,-0.9227730672075904,0.4958836972365454,-0.4645568972478052,-0.232214276939575,0.4387057804433867
