f_id,i_id,pca.expl_var_PC1.cov_init,ic.eps.s,ela_meta.lin_w_interact.adj_r2,ic.eps.max,ela_meta.lin_simple.coef.min,ic.eps.ratio,disp.diff_median_25,ela_meta.lin_simple.coef.max,ela_meta.lin_simple.intercept,nbc.nn_nb.mean_ratio,ela_level.mmce_qda_25,pca.expl_var_PC1.cor_x,nbc.nn_nb.sd_ratio,pca.expl_var.cov_init,ela_distr.skewness,ela_distr.kurtosis,ela_meta.quad_simple.adj_r2,ela_level.mmce_qda_10,disp.diff_mean_25,disp.ratio_mean_25,nbc.nb_fitness.cor,ela_meta.lin_simple.coef.max_by_min,nbc.dist_ratio.coeff_var,disp.ratio_median_10,ic.h.max,disp.ratio_median_02,ela_level.lda_qda_10,ela_level.mmce_mda_25,ic.m0,ela_meta.quad_simple.cond
19,1,0.698367874355888,-0.2579534809427486,0.4871329064548881,-0.3870905210561803,-0.2643084457070696,-0.2861912137342403,-0.2857839044972375,-0.3628110952948701,-0.3303094263648448,0.3727690299344184,-1.1007398864644828,0.8990204994884381,-0.0971439860915663,-0.7091399635591878,-0.1788514988691703,-0.1965389469379132,1.2911036205054338,-0.8551163074349136,-0.2834798591017568,-0.2838982120561115,0.5048145075582976,3.00806947131892,-0.3376254259761436,-0.2229624534934442,-1.5755635678359752,-0.1235440656927768,0.3676787650739769,-1.485433775421637,-0.5761213090936765,6.996111683184391
