f_id,i_id,ela_meta.lin_simple.intercept,ic.eps.max,ic.eps.ratio,ic.eps.s,disp.diff_mean_10,ela_distr.number_of_peaks,pca.expl_var_PC1.cor_x,ela_level.qda_mda_10,ela_level.lda_mda_10,disp.diff_median_25,ela_meta.lin_w_interact.adj_r2,ela_distr.skewness,ela_level.lda_mda_25,disp.diff_mean_05,ic.h.max,disp.ratio_median_05,disp.ratio_mean_10,ela_meta.quad_w_interact.adj_r2,disp.ratio_mean_25,disp.diff_median_10,ela_meta.quad_simple.cond,ela_level.mmce_qda_10,ela_meta.lin_simple.coef.max,ela_level.lda_qda_25,ela_level.mmce_lda_25,ela_meta.lin_simple.adj_r2,ela_level.mmce_mda_50,ela_level.lda_mda_50,ela_level.mmce_lda_50,ela_distr.kurtosis
1,1,0.614124175406515,0.8018945350630068,1.5051869533256172,1.414061612662079,-0.0641870592413895,-0.3270546239202776,1.188558570953628,-1.901738129453606,3.895617453881545,-0.1239908929302912,1.237985001937395,-0.2275113469877522,1.852943015805324,0.0125057498263203,0.162383092099392,0.0026704614241546,-0.0640837238572884,0.7145145709831386,-0.0998565371438954,-0.0807270846209045,0.1878702725892971,-1.6167605225001398,0.8974282790251955,1.063138320104925,-0.6909086046442806,1.0636978684945255,-0.8171767891624522,0.0423108197328928,-0.7355017624962803,-0.1973869611872349
