f_id,i_id,pca.expl_var_PC1.cov_init,ic.eps.max,disp.diff_median_25,ic.eps.s,nbc.nb_fitness.cor,ic.eps.ratio,ela_meta.lin_simple.intercept,ela_level.mmce_mda_10,disp.ratio_mean_25,pca.expl_var.cor_init,pca.expl_var_PC1.cor_x,disp.diff_mean_10,ela_meta.quad_simple.adj_r2,disp.ratio_median_25,ela_level.lda_qda_50,ela_level.mmce_qda_25,ela_level.qda_mda_25,disp.diff_mean_02,nbc.dist_ratio.coeff_var,ela_level.lda_qda_10,ela_level.mmce_lda_25,ela_meta.lin_simple.adj_r2,ela_distr.number_of_peaks,ela_meta.lin_simple.coef.max,pca.expl_var_PC1.cor_init,disp.ratio_median_05,nbc.nn_nb.cor,disp.diff_mean_05,ela_level.lda_mda_25,disp.diff_median_10
8,1,-1.6801479114560305,-0.3870915741728091,-1.384823419753418,-0.8919735807359265,-0.5629614102484367,-0.8301112140513348,-0.3303102131992703,-0.1090404514971379,-1.411451170836441,-1.620185174601965,0.0640254689093259,-1.3291067549538869,1.0620098005869327,-1.3852179047444613,-0.5411623371284787,0.1806430789859247,-0.1625890899418944,-1.148799834393676,-0.4895520621149952,-0.708020449186796,-0.5696520558753031,1.0744695849629575,-0.7595059965715167,-0.3628131648160363,1.0184590524933856,-1.2276781518877284,-0.2964099621173928,-1.2374652809293207,-0.7751031044496187,-1.3175402032280843
