f_id,i_id,ic.eps.max,pca.expl_var_PC1.cor_x,pca.expl_var.cov_init,ic.eps.ratio,ela_meta.lin_simple.coef.min,ela_meta.quad_simple.adj_r2,ela_level.lda_mda_10,ela_meta.lin_simple.coef.max_by_min,ic.eps.s,disp.diff_median_02,ela_distr.skewness,pca.expl_var_PC1.cov_init,ela_meta.lin_simple.intercept,disp.ratio_mean_25,disp.ratio_median_10,ela_meta.lin_simple.coef.max,nbc.nn_nb.sd_ratio,disp.ratio_median_02,nbc.nn_nb.mean_ratio,ela_level.mmce_mda_25,disp.diff_mean_02,ela_level.mmce_qda_25,ela_level.qda_mda_10,nbc.dist_ratio.coeff_var,ela_level.mmce_mda_50,ic.m0,disp.ratio_median_25,ela_meta.quad_w_interact.adj_r2,ela_distr.kurtosis,ela_level.mmce_qda_50
26,1,-0.3870915090500908,-0.4866406139680045,-0.7091399635591878,-0.5765797345132343,-0.2643086411862223,-0.1641156611984648,0.724193732764273,-0.4034932751521911,-0.472600252892097,-0.8019949477613428,-0.0405052855529377,0.6089810501938258,-0.3303099718171055,0.1183048752477041,-0.1155116679050655,-0.362813069848209,0.2118526644558236,-0.801866826765776,0.2896029157340523,0.6910187206674572,-0.8114088133276552,0.4940923397879554,1.078367203221621,-0.2709407015369787,-0.0642832814097718,-0.1909283858209242,0.100665440479883,-0.0968014204095594,-0.1838732080911035,-0.1448319433068806
