f_id,i_id,ic.eps.ratio,pca.expl_var_PC1.cov_init,ic.eps.max,ela_meta.lin_simple.coef.min,ela_meta.lin_simple.intercept,ic.eps.s,ela_meta.lin_simple.coef.max,disp.diff_median_25,ela_level.mmce_qda_50,nbc.nb_fitness.cor,ela_meta.quad_simple.adj_r2,ela_meta.lin_w_interact.adj_r2,pca.expl_var.cov_init,pca.expl_var_PC1.cor_x,disp.ratio_mean_25,disp.ratio_median_05,ela_level.mmce_qda_25,nbc.nn_nb.mean_ratio,nbc.dist_ratio.coeff_var,ela_level.mmce_mda_50,disp.ratio_mean_05,ic.m0,disp.ratio_median_02,disp.diff_mean_10,ela_meta.quad_simple.cond,disp.diff_mean_05,disp.ratio_mean_10,ela_level.qda_mda_10,disp.ratio_mean_02,disp.diff_median_02
6,1,-1.1932155161449518,-1.8069335369896615,-0.387091588953174,-0.2643087953840642,-0.3303102548207436,-1.254209945221541,-0.3628131718646601,0.5404785122008021,1.0981245683115293,-1.4248096651376378,-1.0772711899900036,-1.281878032797518,1.5470030867191007,-0.4173433845037162,0.5605554157409374,0.5077144600189037,1.8977071529470648,-0.7824844985969014,0.7892632835045814,1.3236955689917662,0.5151083063093808,1.0364619163996085,0.481284902102245,0.5278035905291044,-0.5099889530992952,0.5151737441034009,0.5278761634647395,1.5365202369177473,0.4886610761539572,0.4814968970494819
