f_id,i_id,ic.eps.max,ela_meta.lin_simple.coef.min,ic.eps.ratio,pca.expl_var.cov_init,disp.diff_median_25,nbc.nn_nb.sd_ratio,ela_distr.kurtosis,ela_meta.quad_w_interact.adj_r2,pca.expl_var_PC1.cor_x,ela_meta.lin_simple.intercept,ela_distr.number_of_peaks,ela_meta.lin_simple.coef.max_by_min,disp.ratio_median_02,ic.eps.s,nbc.nn_nb.cor,disp.diff_median_10,disp.ratio_median_10,ela_level.mmce_mda_25,ela_meta.lin_simple.coef.max,ela_level.mmce_qda_50,ela_distr.skewness,ela_level.lda_mda_50,ela_level.mmce_mda_50,ela_meta.lin_simple.adj_r2,disp.diff_mean_02,nbc.dist_ratio.coeff_var,ela_meta.lin_w_interact.adj_r2,pca.expl_var_PC1.cov_init,nbc.nb_fitness.cor,ela_level.mmce_mda_10
22,1,-0.3870746026994164,-0.2640530008777945,0.3852999625257266,-0.7091399635591878,-0.3431028824674128,-0.240216337131974,-0.1533702317784285,0.4795056785191955,-1.4220913296972002,-0.3299600686794045,5.377508010464934,3.153668267655328,0.2390896116923042,0.6787013954954467,-0.5651616946668816,-0.0225631352640443,-0.02245454008388,-1.0906805994882254,-0.3612325915502768,-0.3684545848960466,0.1763466773653141,-0.2105224185049559,-0.6117703751825426,0.026146048981693,0.2330450653329501,-0.2222871178643975,-0.3339033583079945,0.6997709232301093,1.227565609223714,0.8538271462415525
