f_id,i_id,ela_meta.lin_simple.coef.min,ic.eps.max,ela_meta.lin_w_interact.adj_r2,ela_meta.lin_simple.intercept,ic.eps.ratio,ela_meta.quad_simple.adj_r2,pca.expl_var_PC1.cov_init,ela_meta.lin_simple.coef.max,ela_level.mmce_qda_50,disp.diff_median_02,nbc.nb_fitness.cor,disp.ratio_median_02,ela_meta.lin_simple.coef.max_by_min,pca.expl_var_PC1.cor_x,nbc.nn_nb.sd_ratio,ela_meta.quad_simple.cond,ela_level.lda_qda_10,nbc.dist_ratio.coeff_var,pca.expl_var.cov_init,ela_level.qda_mda_25,nbc.nn_nb.mean_ratio,disp.ratio_median_10,disp.diff_median_05,ic.h.max,ela_level.mmce_mda_50,ela_distr.number_of_peaks,ela_level.lda_mda_50,ela_distr.kurtosis,ela_level.mmce_lda_25,ela_level.lda_qda_25
11,1,-0.2643087602374362,-0.3870912820395638,-1.8219225923590776,-0.3303098092791931,-0.4541452726818792,-1.5456039768949557,0.4830469171672056,-0.362813149062161,2.042654059004175,1.0430578787819238,-1.9472244531102985,1.042918411792651,-0.4018916472412301,0.9706347543833512,-1.4036732102339295,-0.4884394904149662,-1.1928881387876966,1.753043356311371,-0.7091399635591877,0.8242810554596957,-1.853537154784088,1.124361729973699,1.087593454615286,1.3492058598997068,1.9749070867852845,-0.7595059965715167,-0.4947492745182733,-0.200309186810101,1.03691699783685,-1.023753428331922
