f_id,i_id,ic.eps.ratio,pca.expl_var_PC1.cov_init,ela_meta.lin_w_interact.adj_r2,ela_meta.lin_simple.intercept,ic.eps.max,pca.expl_var.cov_init,ela_meta.lin_simple.coef.min,ela_meta.lin_simple.coef.max,ic.eps.s,nbc.nb_fitness.cor,ela_level.mmce_qda_50,ela_meta.quad_simple.adj_r2,nbc.nn_nb.mean_ratio,ela_level.mmce_lda_25,disp.diff_median_25,ela_level.mmce_qda_25,ela_level.mmce_mda_50,disp.ratio_mean_25,pca.expl_var_PC1.cor_x,disp.ratio_mean_10,disp.ratio_median_02,disp.ratio_median_25,ela_meta.quad_simple.cond,ic.m0,disp.diff_mean_10,disp.diff_median_10,ic.h.max,disp.diff_median_02,disp.diff_mean_25,disp.ratio_mean_05
7,1,-0.6410253361777928,0.1868560494114762,0.96602536548309,-0.3303101615340938,-0.3870915210804582,0.3936067677488086,-0.2643085504440199,-0.3628130918223941,-0.6951701976783914,0.0531557281652468,-0.595030122717607,1.487087050439795,1.2873445886111556,-1.652660899256846,-1.2102127671547418,-0.8211980121456904,-0.5792185000291241,-1.2207015462726098,-0.2793115247828541,-1.3338502471433316,-1.4795126144561883,-1.2108503874603964,-0.5645079371891311,-0.9114379662253692,-1.3345267775148155,-1.3208362279183157,0.5101932035427368,-1.4793249356606544,-1.2210805812704173,-1.4169076953385622
