f_id,i_id,ic.eps.s,ela_meta.lin_simple.coef.min,ic.eps.max,ic.eps.ratio,ela_meta.lin_simple.intercept,ela_meta.lin_simple.adj_r2,disp.ratio_median_02,nbc.nn_nb.sd_ratio,nbc.nn_nb.mean_ratio,ela_meta.quad_simple.adj_r2,ic.m0,disp.diff_median_25,pca.expl_var_PC1.cor_x,disp.diff_mean_25,ela_level.mmce_lda_25,ela_meta.lin_w_interact.adj_r2,disp.ratio_median_05,ela_level.lda_qda_10,ela_distr.number_of_peaks,ela_level.lda_mda_10,disp.ratio_mean_25,ela_meta.lin_simple.coef.max,ela_distr.skewness,nbc.dist_ratio.coeff_var,ela_level.mmce_qda_10,ela_meta.lin_simple.coef.max_by_min,ic.h.max,ela_level.qda_mda_50,ela_meta.quad_w_interact.adj_r2,ela_meta.quad_simple.cond
4,1,-0.0837800931389884,-0.2643006563844568,-0.3870864660082544,-0.0787072516008576,-0.3303061272222416,0.4556394724717673,-1.1082592804578948,1.0232111014605134,0.9655384602059536,0.6692641703647499,-0.7479381114601855,-0.8914111304401748,-0.073173494877952,-0.8702160095248574,-1.1267167508408578,0.3460011484045665,-1.0340223291657358,0.3709767794465625,-0.3746615332382839,1.7584812277572996,-0.8703833002868451,-0.3628089823103154,-0.2028068838160687,-1.0232539729488666,-1.0831888694110698,-0.5024876223637342,-0.1144293655353303,-0.3252029573454713,0.6579792616776455,-0.41481403149054
