f_id,i_id,ela_meta.lin_simple.coef.max,ela_meta.lin_simple.coef.min,ic.eps.max,ic.eps.ratio,ic.eps.s,pca.expl_var_PC1.cov_init,pca.expl_var_PC1.cor_x,ela_level.mmce_qda_50,ela_meta.lin_simple.intercept,nbc.nb_fitness.cor,ela_distr.skewness,ela_meta.lin_w_interact.adj_r2,disp.diff_median_02,nbc.nn_nb.mean_ratio,ela_meta.quad_simple.adj_r2,pca.expl_var.cov_init,ic.m0,ela_meta.quad_w_interact.adj_r2,nbc.nn_nb.sd_ratio,disp.ratio_median_10,ela_meta.quad_simple.cond,ela_distr.number_of_peaks,ela_level.mmce_mda_25,ela_meta.lin_simple.coef.max_by_min,disp.diff_median_25,nbc.dist_ratio.coeff_var,ela_level.lda_mda_10,disp.ratio_mean_25,ela_distr.kurtosis,disp.diff_mean_25
18,1,0.104699778226597,-0.1338140236285178,0.8594742946087864,1.518017591104257,1.401693446217323,0.6997709232301089,-1.1983634613433198,-0.4668262211149982,0.3456749704320983,-0.3423768049370306,-0.246072563669278,-0.4173537917568563,0.4658177668216559,0.4302714313214179,0.6098861397428509,-0.7091399635591878,-0.3450265975235715,0.7145145709831386,-0.3351489938318965,0.129012481539753,2.0001341729034223,-0.1372564183666823,-0.0507395918027461,1.305102919294013,-0.1642369337954993,-0.301701553144368,-0.8196422584444218,-0.1468557450556392,-0.1984638133299102,-0.1466789059231343
