f_id,i_id,log_precision
8,1,0.8661460477250377
8,2,0.8709808915991545
8,3,0.8690669765323842
8,4,0.8458185588551986
8,5,0.7276776573289306
