f_id,i_id,log_precision
10,1,4.067733461302073
10,2,3.927460834363884
10,3,3.904485481625008
10,4,4.052314119509936
10,5,3.991577360634549
