f_id,i_id,log_precision
16,1,1.0731270785918714
16,2,1.10816105287277
16,3,1.085775873552428
16,4,1.0785798776084572
16,5,1.075909659124014
